feature	compartment	feature_group	measurement	channel	parameter1	parameter2	r2_score	cell_count_coef	treatment_dose_coef	channel_cleaned
Cytoplasm_Texture_InverseDifferenceMoment_Actin_3_01_256	Cytoplasm	Texture	InverseDifferenceMoment	Actin	3	01	0.7426349853606606	-0.00119034520572989	0.2973030284630251	Actin
Cells_Correlation_K_Mitochondria_Actin	Cells	Correlation	K	Mitochondria	Actin	NA	0.6664501103155906	3.6286126990948e-4	-0.29684278728293734	Mito
Cytoplasm_Texture_DifferenceVariance_Actin_3_01_256	Cytoplasm	Texture	DifferenceVariance	Actin	3	01	0.7139562700452375	-9.6897021618326e-4	0.29609351754774205	Actin
Nuclei_Texture_AngularSecondMoment_Actin_3_01_256	Nuclei	Texture	AngularSecondMoment	Actin	3	01	0.698076490398676	-9.0932365899983e-4	0.29384440039032256	Actin
Cytoplasm_Texture_DifferenceEntropy_Actin_3_02_256	Cytoplasm	Texture	DifferenceEntropy	Actin	3	02	0.6398795145599154	0.00131593319363749	-0.2705771651038878	Actin
Nuclei_Correlation_K_ER_Hoechst	Nuclei	Correlation	K	ER	Hoechst	NA	0.5068116621121436	2.189694644903e-4	0.2653894126130837	ER
Nuclei_Texture_DifferenceVariance_ER_3_01_256	Nuclei	Texture	DifferenceVariance	ER	3	01	0.5346176256025952	-4.5937827226863e-4	0.26366179332978573	ER
Nuclei_Texture_Correlation_Actin_3_02_256	Nuclei	Texture	Correlation	Actin	3	02	0.49515798198118466	1.8589931351109e-4	-0.257740285339268	Actin
Nuclei_Texture_Correlation_Actin_3_00_256	Nuclei	Texture	Correlation	Actin	3	00	0.485827383932247	2.8095392346708e-4	-0.2538890898337417	Actin
Nuclei_Correlation_K_Hoechst_Actin	Nuclei	Correlation	K	Hoechst	Actin	NA	0.49729868330683014	4.7895579616461e-4	-0.2536654936825601	Nucleus
Cells_Intensity_IntegratedIntensityEdge_ER	Cells	Intensity	IntegratedIntensityEdge	ER	NA	NA	0.4978692473798525	5.9362230695311e-4	-0.25170046330596163	ER
Nuclei_Correlation_K_ER_Mitochondria	Nuclei	Correlation	K	ER	Mitochondria	NA	0.45622263624143977	1.6737233583859e-4	0.25142907973361406	ER
Nuclei_Texture_AngularSecondMoment_ER_3_01_256	Nuclei	Texture	AngularSecondMoment	ER	3	01	0.4628386005538403	-1.5842448920076e-4	0.2494811393507079	ER
Cytoplasm_Correlation_K_ER_Actin	Cytoplasm	Correlation	K	ER	Actin	NA	0.5034662446291065	7.8499770934111e-4	-0.24927104923166063	ER
Nuclei_Texture_SumEntropy_ER_3_03_256	Nuclei	Texture	SumEntropy	ER	3	03	0.4497507895781957	3.889494792755702e-5	-0.24743951695260744	ER
Cytoplasm_Correlation_K_Mitochondria_ER	Cytoplasm	Correlation	K	Mitochondria	ER	NA	0.44080992376789463	-1.3887946922876e-4	-0.24690124510689665	Mito
Nuclei_Correlation_K_ER_Actin	Nuclei	Correlation	K	ER	Actin	NA	0.5042660425611709	0.00102022510350931	-0.24402060576079407	ER
Cytoplasm_Texture_DifferenceVariance_ER_3_01_256	Cytoplasm	Texture	DifferenceVariance	ER	3	01	0.5010254560147944	-9.9149772703482e-4	0.2438620150099605	ER
Cytoplasm_Texture_InverseDifferenceMoment_ER_3_01_256	Cytoplasm	Texture	InverseDifferenceMoment	ER	3	01	0.523720160460214	-0.00145885720328589	0.2370807814555326	ER
Cells_Correlation_Overlap_Actin_Mitochondria	Cells	Correlation	Overlap	Actin	Mitochondria	NA	0.4641901032789172	8.6031821940633e-4	-0.23696421610718404	Actin
Cytoplasm_Texture_SumEntropy_ER_3_01_256	Cytoplasm	Texture	SumEntropy	ER	3	01	0.4458049965573898	7.1521127648354e-4	-0.23506717142951236	ER
Cells_Intensity_StdIntensityEdge_Actin	Cells	Intensity	StdIntensityEdge	Actin	NA	NA	0.4503163516828782	8.2795852878243e-4	-0.23384244403969268	Actin
Nuclei_Correlation_K_Mitochondria_ER	Nuclei	Correlation	K	Mitochondria	ER	NA	0.38522696278678137	-4.2011556494166e-4	-0.23301433006671612	Mito
Cytoplasm_Correlation_K_ER_Mitochondria	Cytoplasm	Correlation	K	ER	Mitochondria	NA	0.400606174184331	-1.1459835342911e-4	0.2325441480800862	ER
Cytoplasm_Texture_InfoMeas2_Actin_3_02_256	Cytoplasm	Texture	InfoMeas2	Actin	3	02	0.3885516147755018	-1.4946122115979e-4	-0.2319869565303181	Actin
Nuclei_Correlation_K_Actin_ER	Nuclei	Correlation	K	Actin	ER	NA	0.45297672667460587	-9.4126467595143e-4	0.2319105664949859	Actin
Cells_Correlation_K_ER_Hoechst	Cells	Correlation	K	ER	Hoechst	NA	0.3875305921672907	1.4839636010653e-4	0.2316737619674764	ER
Cytoplasm_Texture_InfoMeas2_Actin_3_00_256	Cytoplasm	Texture	InfoMeas2	Actin	3	00	0.3898480510615635	-5.7392639926636457e-5	-0.23144216553100697	Actin
Nuclei_Texture_Correlation_Actin_3_03_256	Nuclei	Texture	Correlation	Actin	3	03	0.3909344332858886	3.23067444620214e-5	-0.23074108975586047	Actin
Nuclei_Texture_Correlation_Actin_3_01_256	Nuclei	Texture	Correlation	Actin	3	01	0.3786653768558534	-7.633904419115252e-5	-0.2283084019664791	Actin
Cytoplasm_Texture_InfoMeas2_Actin_3_03_256	Cytoplasm	Texture	InfoMeas2	Actin	3	03	0.37254745791744043	-0.00022790928539588001	-0.22787874146625772	Actin
Cytoplasm_Texture_InfoMeas2_Actin_3_01_256	Cytoplasm	Texture	InfoMeas2	Actin	3	01	0.3664271981141465	-2.1233125882723e-4	-0.22588514718436264	Actin
Cytoplasm_Correlation_K_Actin_Golgi	Cytoplasm	Correlation	K	Actin	Golgi	NA	0.405884654444272	-6.1646110709024e-4	0.2256708837322666	Actin
Cytoplasm_Texture_DifferenceEntropy_ER_3_00_256	Cytoplasm	Texture	DifferenceEntropy	ER	3	00	0.4654732866642436	0.00139775532478983	-0.2228180611166337	ER
Cells_Texture_AngularSecondMoment_Hoechst_3_01_256	Cells	Texture	AngularSecondMoment	Hoechst	3	01	0.4173323133449369	-9.2130807780887e-4	0.2221609569973019	Nucleus
Cytoplasm_Correlation_K_Actin_ER	Cytoplasm	Correlation	K	Actin	ER	NA	0.3968343655678531	-7.2924581916337e-4	0.22059732452332928	Actin
Cytoplasm_RadialDistribution_RadialCV_Mitochondria_3of4	Cytoplasm	RadialDistribution	RadialCV	Mitochondria	3of4	NA	0.38200739155688	-6.3550644400062e-4	0.21815925791329044	Mito
Nuclei_Texture_DifferenceEntropy_ER_3_00_256	Nuclei	Texture	DifferenceEntropy	ER	3	00	0.3833700094791877	6.6208468705168e-4	-0.21801062867081392	ER
Cells_Intensity_IntegratedIntensityEdge_Golgi	Cells	Intensity	IntegratedIntensityEdge	Golgi	NA	NA	0.3375109858214709	-2.1020504873938e-4	-0.21684308023138665	Golgi
Nuclei_Intensity_IntegratedIntensity_Actin	Nuclei	Intensity	IntegratedIntensity	Actin	NA	NA	0.3569780273418083	4.282987918419e-4	-0.21451599102826488	Actin
Nuclei_Intensity_StdIntensityEdge_Actin	Nuclei	Intensity	StdIntensityEdge	Actin	NA	NA	0.39393308333329624	0.00101481324749772	-0.21277440682094367	Actin
Cytoplasm_Intensity_IntegratedIntensity_Actin	Cytoplasm	Intensity	IntegratedIntensity	Actin	NA	NA	0.31790954076332245	-4.0935664067116e-4	-0.21182354644235868	Actin
Cytoplasm_Correlation_K_Actin_Mitochondria	Cytoplasm	Correlation	K	Actin	Mitochondria	NA	0.3493496990304611	-5.0938676636976e-4	0.21060779601092505	Actin
Nuclei_Texture_InfoMeas1_Actin_3_02_256	Nuclei	Texture	InfoMeas1	Actin	3	02	0.31132711405444746	1.5498377967943e-4	0.20785370672995185	Actin
Cytoplasm_Texture_AngularSecondMoment_ER_3_03_256	Cytoplasm	Texture	AngularSecondMoment	ER	3	03	0.4049147413193256	-0.00131499698146479	0.20746664002720164	ER
Cytoplasm_Texture_InfoMeas2_Hoechst_3_03_256	Cytoplasm	Texture	InfoMeas2	Hoechst	3	03	0.3159447183069769	1.3933157987192e-4	-0.20600802470896012	Nucleus
Nuclei_Texture_InfoMeas1_Actin_3_00_256	Nuclei	Texture	InfoMeas1	Actin	3	00	0.3039274242153217	3.8566963441201414e-5	0.20422099887304476	Actin
Cytoplasm_Correlation_Overlap_Actin_Golgi	Cytoplasm	Correlation	Overlap	Actin	Golgi	NA	0.3648251887904539	0.00103564817458493	-0.20316492254540977	Actin
Cytoplasm_Correlation_Correlation_Actin_Mitochondria	Cytoplasm	Correlation	Correlation	Actin	Mitochondria	NA	0.30969962396321304	4.057548718153e-4	-0.19968275251984963	Actin
Nuclei_Texture_InfoMeas1_Actin_3_03_256	Nuclei	Texture	InfoMeas1	Actin	3	03	0.28708178770707826	7.897285932047617e-5	0.1989206351483654	Actin
Nuclei_Texture_InfoMeas1_Actin_3_01_256	Nuclei	Texture	InfoMeas1	Actin	3	01	0.279164939506377	1.8055750717746e-4	0.19712204769696065	Actin
Nuclei_Correlation_K_Hoechst_ER	Nuclei	Correlation	K	Hoechst	ER	NA	0.27456241426619754	-2.861405199221e-4	-0.19630257148337377	Nucleus
Cytoplasm_RadialDistribution_RadialCV_Mitochondria_4of4	Cytoplasm	RadialDistribution	RadialCV	Mitochondria	4of4	NA	0.30531451164324874	-5.8372431238613e-4	0.19470641529233923	Mito
Nuclei_Correlation_Correlation_Actin_Mitochondria	Nuclei	Correlation	Correlation	Actin	Mitochondria	NA	0.3049276923385694	6.5841115812074e-4	-0.19294473438875653	Actin
Nuclei_Granularity_1_Golgi	Nuclei	Granularity	1	Golgi	NA	NA	0.375301947970427	0.00151195622339057	-0.1915359854010398	Golgi
Cells_RadialDistribution_MeanFrac_Golgi_4of4	Cells	RadialDistribution	MeanFrac	Golgi	4of4	NA	0.30949282319775806	8.3451208764857e-4	-0.19028578211749295	Golgi
Nuclei_Correlation_K_Golgi_Hoechst	Nuclei	Correlation	K	Golgi	Hoechst	NA	0.2615793468835659	0.00116686516425882	0.1902200217094996	Golgi
Cytoplasm_RadialDistribution_RadialCV_Mitochondria_2of4	Cytoplasm	RadialDistribution	RadialCV	Mitochondria	2of4	NA	0.2813727737543311	-5.236270239748e-4	0.18768316887958125	Mito
Cytoplasm_Texture_SumEntropy_Hoechst_3_01_256	Cytoplasm	Texture	SumEntropy	Hoechst	3	01	0.30763133907999474	9.4234574328137e-4	-0.18679930423722543	Nucleus
Nuclei_Texture_InfoMeas2_ER_3_01_256	Nuclei	Texture	InfoMeas2	ER	3	01	0.2391553714831316	-5.0011583128306e-4	-0.18425307939152397	ER
Nuclei_Texture_InfoMeas2_ER_3_03_256	Nuclei	Texture	InfoMeas2	ER	3	03	0.2362159050090531	-5.0412647022312e-4	-0.18313296238878063	ER
Cells_RadialDistribution_RadialCV_Golgi_2of4	Cells	RadialDistribution	RadialCV	Golgi	2of4	NA	0.3012337434648312	-0.00101045892573798	0.18265563987542585	Golgi
Cytoplasm_Granularity_1_Mitochondria	Cytoplasm	Granularity	1	Mitochondria	NA	NA	0.2874212812162066	8.4926272919352e-4	-0.1822111166982724	Mito
Cytoplasm_Granularity_1_ER	Cytoplasm	Granularity	1	ER	NA	NA	0.3760925924886587	0.00177203915356347	-0.1819016050980801	ER
Nuclei_Intensity_StdIntensityEdge_ER	Nuclei	Intensity	StdIntensityEdge	ER	NA	NA	0.2304151183300055	-1.6150986412924e-4	-0.1790638716521969	ER
Cells_Correlation_Correlation_Hoechst_Mitochondria	Cells	Correlation	Correlation	Hoechst	Mitochondria	NA	0.2761573494062042	-8.3332538975488e-4	0.17858219531212077	Nucleus
Cells_Correlation_K_Hoechst_ER	Cells	Correlation	K	Hoechst	ER	NA	0.2247867690426273	-3.5634329170989e-4	-0.17817747223913777	Nucleus
Cells_Correlation_RWC_Actin_ER	Cells	Correlation	RWC	Actin	ER	NA	0.344309667115708	0.00164265970574027	-0.17616276873724834	Actin
Cells_RadialDistribution_RadialCV_Mitochondria_2of4	Cells	RadialDistribution	RadialCV	Mitochondria	2of4	NA	0.26730204816536784	-8.1517335846832e-4	0.1758184143940319	Mito
Cytoplasm_Texture_InverseDifferenceMoment_Golgi_3_01_256	Cytoplasm	Texture	InverseDifferenceMoment	Golgi	3	01	0.2969147870595993	-0.00126060934716398	0.1732852374503017	Golgi
Cells_RadialDistribution_MeanFrac_ER_4of4	Cells	RadialDistribution	MeanFrac	ER	4of4	NA	0.3092895480085356	0.00139520506349658	-0.17306642878660414	ER
Cytoplasm_Texture_InverseDifferenceMoment_Golgi_3_03_256	Cytoplasm	Texture	InverseDifferenceMoment	Golgi	3	03	0.2963979767162319	-0.00126901974078869	0.17281174170729954	Golgi
Cytoplasm_Correlation_Correlation_ER_Mitochondria	Cytoplasm	Correlation	Correlation	ER	Mitochondria	NA	0.28497768427011805	-0.0011561495799856	0.1723705233801117	ER
Cytoplasm_Texture_DifferenceVariance_Golgi_3_01_256	Cytoplasm	Texture	DifferenceVariance	Golgi	3	01	0.2546203472003904	-7.7975971199784e-4	0.17200922625024526	Golgi
Cytoplasm_Texture_Correlation_Actin_3_02_256	Cytoplasm	Texture	Correlation	Actin	3	02	0.20608215542861152	-3.5799551611395e-4	-0.1706809578607063	Actin
Cytoplasm_Correlation_RWC_Actin_Mitochondria	Cytoplasm	Correlation	RWC	Actin	Mitochondria	NA	0.22900390279960625	5.871713153295e-4	-0.1668321871659635	Actin
Cells_Correlation_Correlation_Golgi_Hoechst	Cells	Correlation	Correlation	Golgi	Hoechst	NA	0.23968594571604265	-7.8932525759317e-4	0.16602986960845803	Golgi
Cytoplasm_Texture_Correlation_Actin_3_00_256	Cytoplasm	Texture	Correlation	Actin	3	00	0.19569351185459072	-2.165557636253e-4	-0.1655541073570239	Actin
Cells_RadialDistribution_RadialCV_Golgi_3of4	Cells	RadialDistribution	RadialCV	Golgi	3of4	NA	0.24866588471124396	-9.4494815573831e-4	0.165172426191675	Golgi
Cells_RadialDistribution_RadialCV_Mitochondria_4of4	Cells	RadialDistribution	RadialCV	Mitochondria	4of4	NA	0.21604953757272327	-4.9669110276061e-4	0.16366821154163694	Mito
Cytoplasm_Texture_InfoMeas1_Hoechst_3_03_256	Cytoplasm	Texture	InfoMeas1	Hoechst	3	03	0.1840920353666189	5.8963377456712e-4	0.16175082003534308	Nucleus
Cytoplasm_Texture_InfoMeas1_Hoechst_3_01_256	Cytoplasm	Texture	InfoMeas1	Hoechst	3	01	0.1823128438941909	5.7866812523948e-4	0.1609750255597044	Nucleus
Cytoplasm_Texture_AngularSecondMoment_Golgi_3_01_256	Cytoplasm	Texture	AngularSecondMoment	Golgi	3	01	0.23099097016369471	-8.5316876958888e-4	0.160850245000708	Golgi
Nuclei_Texture_Correlation_ER_3_00_256	Nuclei	Texture	Correlation	ER	3	00	0.17857039857223156	-7.0577711103059e-4	-0.15899570241658786	ER
Nuclei_Texture_Correlation_ER_3_02_256	Nuclei	Texture	Correlation	ER	3	02	0.1786019760511387	-7.3032604315093e-4	-0.1589061163460538	ER
Nuclei_Correlation_Correlation_Golgi_Hoechst	Nuclei	Correlation	Correlation	Golgi	Hoechst	NA	0.22298533446345128	-8.610542060655e-4	0.15739079431148664	Golgi
Cells_Correlation_Correlation_ER_Hoechst	Cells	Correlation	Correlation	ER	Hoechst	NA	0.2621359468092629	-0.00139091009378197	0.1553628676415204	ER
Nuclei_RadialDistribution_MeanFrac_Golgi_4of4	Nuclei	RadialDistribution	MeanFrac	Golgi	4of4	NA	0.2186929192940128	8.7073716635771e-4	-0.1553491148290351	Golgi
Cytoplasm_Texture_SumVariance_Actin_3_01_256	Cytoplasm	Texture	SumVariance	Actin	3	01	0.20244510669500704	6.5905133114132e-4	-0.1542996464166564	Actin
Cytoplasm_RadialDistribution_RadialCV_ER_3of4	Cytoplasm	RadialDistribution	RadialCV	ER	3of4	NA	0.2868610348945928	-0.00170898129195031	0.15199434506055637	ER
Cells_Correlation_RWC_Golgi_Mitochondria	Cells	Correlation	RWC	Golgi	Mitochondria	NA	0.19947970450360783	7.8245567775568e-4	-0.14976794125020304	Golgi
Cytoplasm_Texture_Correlation_Actin_3_03_256	Cytoplasm	Texture	Correlation	Actin	3	03	0.15572173456951888	-4.379953152151e-4	-0.1487434745616392	Actin
Cells_Intensity_IntegratedIntensityEdge_Hoechst	Cells	Intensity	IntegratedIntensityEdge	Hoechst	NA	NA	0.15570484527697004	-4.2510733750941e-4	-0.14871457334763785	Nucleus
Nuclei_Correlation_Overlap_Actin_Mitochondria	Nuclei	Correlation	Overlap	Actin	Mitochondria	NA	0.1894225308461732	6.9734795163226e-4	-0.1477132829157181	Actin
Cytoplasm_Texture_Contrast_Actin_3_00_256	Cytoplasm	Texture	Contrast	Actin	3	00	0.21794638199000305	0.0011041627406418	-0.14764063324474472	Actin
Cells_RadialDistribution_MeanFrac_ER_2of4	Cells	RadialDistribution	MeanFrac	ER	2of4	NA	0.2357391925743627	-0.0013397575382668	0.1465295016338359	ER
Cells_Texture_InfoMeas1_Mitochondria_3_00_256	Cells	Texture	InfoMeas1	Mitochondria	3	00	0.28442512363149497	0.00182333577639563	-0.14573052221167465	Mito
Cytoplasm_Texture_Correlation_Actin_3_01_256	Cytoplasm	Texture	Correlation	Actin	3	01	0.1480107598683288	-4.6983885669551e-4	-0.14505435879634812	Actin
Cells_Correlation_RWC_Golgi_ER	Cells	Correlation	RWC	Golgi	ER	NA	0.2556457952103781	0.0015794673628923	-0.14498016899664357	Golgi
Cells_RadialDistribution_MeanFrac_Golgi_1of4	Cells	RadialDistribution	MeanFrac	Golgi	1of4	NA	0.1801665382227463	-6.504770721313e-4	0.1448317064888573	Golgi
Cells_Texture_SumVariance_ER_3_01_256	Cells	Texture	SumVariance	ER	3	01	0.14911741201215445	-1.5690872864545e-4	-0.14427345012160853	ER
Nuclei_Intensity_IntegratedIntensity_Golgi	Nuclei	Intensity	IntegratedIntensity	Golgi	NA	NA	0.1453886289455346	-5.0075497123487e-4	-0.1437629826909138	Golgi
Cells_RadialDistribution_RadialCV_Golgi_1of4	Cells	RadialDistribution	RadialCV	Golgi	1of4	NA	0.18559529431983124	-8.29630289451e-4	0.14230451940661237	Golgi
Cytoplasm_Texture_SumEntropy_Golgi_3_01_256	Cytoplasm	Texture	SumEntropy	Golgi	3	01	0.1595165174896911	3.5685038899211e-4	-0.1420669184315381	Golgi
Cytoplasm_RadialDistribution_RadialCV_ER_4of4	Cytoplasm	RadialDistribution	RadialCV	ER	4of4	NA	0.27046909832492183	-0.00179486523262883	0.14130145629060925	ER
Cells_RadialDistribution_MeanFrac_ER_1of4	Cells	RadialDistribution	MeanFrac	ER	1of4	NA	0.21667907904095485	-0.00126474880078726	0.14124456556258888	ER
Cells_Texture_InfoMeas1_Mitochondria_3_02_256	Cells	Texture	InfoMeas1	Mitochondria	3	02	0.2871275373904121	0.00195507648004755	-0.1403183126675223	Mito
Cells_Texture_InfoMeas2_Hoechst_3_01_256	Cells	Texture	InfoMeas2	Hoechst	3	01	0.16479104902906583	5.503636768678e-4	-0.14029876779104777	Nucleus
Cytoplasm_Texture_DifferenceEntropy_Golgi_3_01_256	Cytoplasm	Texture	DifferenceEntropy	Golgi	3	01	0.20446959161467135	0.00115148867044063	-0.14009714924474892	Golgi
Cytoplasm_Texture_InverseDifferenceMoment_Mitochondria_3_00_256	Cytoplasm	Texture	InverseDifferenceMoment	Mitochondria	3	00	0.2849796341342864	-0.00194365958940824	0.14000239055040492	Mito
Cells_Correlation_RWC_Hoechst_Actin	Cells	Correlation	RWC	Hoechst	Actin	NA	0.18666879267838576	9.8033297561722e-4	-0.13804352956279614	Nucleus
Nuclei_Correlation_K_Mitochondria_Hoechst	Nuclei	Correlation	K	Mitochondria	Hoechst	NA	0.1354698515544671	1.3553441841083e-4	0.13739940253306537	Mito
Nuclei_RadialDistribution_MeanFrac_Golgi_3of4	Nuclei	RadialDistribution	MeanFrac	Golgi	3of4	NA	0.16203363145584038	-6.665764766941e-4	0.13604063153899376	Golgi
Cytoplasm_Texture_InverseDifferenceMoment_Mitochondria_3_02_256	Cytoplasm	Texture	InverseDifferenceMoment	Mitochondria	3	02	0.2875215528738799	-0.00204773172003541	0.13559505849710238	Mito
Nuclei_RadialDistribution_FracAtD_ER_2of4	Nuclei	RadialDistribution	FracAtD	ER	2of4	NA	0.13290195685101924	2.1028830288017927e-5	0.13499657116630318	ER
Cells_Correlation_RWC_ER_Hoechst	Cells	Correlation	RWC	ER	Hoechst	NA	0.12758450878284133	-3.7107775273305e-4	-0.13459066518189472	ER
Nuclei_Correlation_RWC_Actin_Hoechst	Nuclei	Correlation	RWC	Actin	Hoechst	NA	0.1473390982677858	5.0411192929871e-4	-0.13304999706445594	Actin
Cytoplasm_RadialDistribution_RadialCV_Golgi_3of4	Cytoplasm	RadialDistribution	RadialCV	Golgi	3of4	NA	0.1643024216957737	-8.1083775126441e-4	0.13298290276957472	Golgi
Cells_RadialDistribution_RadialCV_ER_3of4	Cells	RadialDistribution	RadialCV	ER	3of4	NA	0.2436657246288129	-0.00173125680750737	0.1327700791149167	ER
Cells_Texture_InfoMeas1_Mitochondria_3_01_256	Cells	Texture	InfoMeas1	Mitochondria	3	01	0.267222503313053	0.0019404689667091	-0.132526823147142	Mito
Cells_Texture_InfoMeas1_Mitochondria_3_03_256	Cells	Texture	InfoMeas1	Mitochondria	3	03	0.26463867206445213	0.00192012810362565	-0.1324634120902413	Mito
Nuclei_Correlation_K_Hoechst_Golgi	Nuclei	Correlation	K	Hoechst	Golgi	NA	0.12956590081630648	-9.6476323693356e-4	-0.13207012458546552	Nucleus
Nuclei_RadialDistribution_FracAtD_ER_4of4	Nuclei	RadialDistribution	FracAtD	ER	4of4	NA	0.12697570686400306	-2.2663843328885593e-5	-0.13197569750113655	ER
Cytoplasm_RadialDistribution_RadialCV_ER_2of4	Cytoplasm	RadialDistribution	RadialCV	ER	2of4	NA	0.2015620219624885	-0.00133744055354194	0.13151158629172205	ER
Cells_RadialDistribution_RadialCV_Mitochondria_1of4	Cells	RadialDistribution	RadialCV	Mitochondria	1of4	NA	0.14917817129768185	-6.3942046543376e-4	0.1305370177835179	Mito
Nuclei_Texture_Correlation_ER_3_03_256	Nuclei	Texture	Correlation	ER	3	03	0.1217076800085406	-7.5896865712034e-4	-0.13011211609592854	ER
Nuclei_Texture_Correlation_ER_3_01_256	Nuclei	Texture	Correlation	ER	3	01	0.1219049908571197	-7.7334731674436e-4	-0.130088376917625	ER
Nuclei_RadialDistribution_MeanFrac_Mitochondria_2of4	Nuclei	RadialDistribution	MeanFrac	Mitochondria	2of4	NA	0.12448531119918316	-1.8418748544709e-4	0.12785681600400922	Mito
Nuclei_RadialDistribution_MeanFrac_ER_1of4	Nuclei	RadialDistribution	MeanFrac	ER	1of4	NA	0.11531233515886564	2.88663407762e-4	0.12776104080121747	ER
Nuclei_Correlation_Correlation_Actin_Golgi	Nuclei	Correlation	Correlation	Actin	Golgi	NA	0.14032538346951073	5.7655109462801e-4	-0.12775478352942476	Actin
Cytoplasm_Texture_InverseDifferenceMoment_Mitochondria_3_01_256	Cytoplasm	Texture	InverseDifferenceMoment	Mitochondria	3	01	0.2657537706542521	-0.00202429996448563	0.12729362976405112	Mito
Cells_RadialDistribution_FracAtD_Golgi_2of4	Cells	RadialDistribution	FracAtD	Golgi	2of4	NA	0.12553252515105628	-2.6397556828031e-4	0.12702709353588398	Golgi
Cytoplasm_Texture_InverseDifferenceMoment_Mitochondria_3_03_256	Cytoplasm	Texture	InverseDifferenceMoment	Mitochondria	3	03	0.2623124600299003	-0.00200660358307973	0.12672160967996388	Mito
Nuclei_RadialDistribution_MeanFrac_Mitochondria_4of4	Nuclei	RadialDistribution	MeanFrac	Mitochondria	4of4	NA	0.122322394342117	2.0408393667022e-4	-0.12638514953508956	Mito
Cytoplasm_Correlation_Correlation_Actin_Golgi	Cytoplasm	Correlation	Correlation	Actin	Golgi	NA	0.12285726920000783	2.3351973080064e-4	-0.12616216070307126	Actin
Nuclei_Correlation_Overlap_Actin_Golgi	Nuclei	Correlation	Overlap	Actin	Golgi	NA	0.1387163359941126	6.0820379433653e-4	-0.1261017129242151	Actin
Cells_Intensity_StdIntensityEdge_Golgi	Cells	Intensity	StdIntensityEdge	Golgi	NA	NA	0.1249136900886888	3.6327672688277e-4	-0.12475329282795831	Golgi
Cells_RadialDistribution_RadialCV_ER_4of4	Cells	RadialDistribution	RadialCV	ER	4of4	NA	0.2144121900268825	-0.00163257686330578	0.12412312795717312	ER
Cytoplasm_Correlation_Correlation_ER_Golgi	Cytoplasm	Correlation	Correlation	ER	Golgi	NA	0.18269707615810335	-0.00130341275435597	0.1239354916292814	ER
Cytoplasm_Texture_Contrast_ER_3_03_256	Cytoplasm	Texture	Contrast	ER	3	03	0.1369282464273509	6.95131771171e-4	-0.1227456448677952	ER
Cytoplasm_Texture_Contrast_ER_3_01_256	Cytoplasm	Texture	Contrast	ER	3	01	0.13969418800515301	7.7023489952512e-4	-0.12192529997013718	ER
Nuclei_RadialDistribution_MeanFrac_ER_4of4	Nuclei	RadialDistribution	MeanFrac	ER	4of4	NA	0.1057492258954308	-1.5402707001416e-4	-0.12166251703576308	ER
Cells_RadialDistribution_RadialCV_Hoechst_2of4	Cells	RadialDistribution	RadialCV	Hoechst	2of4	NA	0.10648730380284466	-2.3506282728450726e-5	0.12034582219894174	Nucleus
Cells_Correlation_Correlation_ER_Golgi	Cells	Correlation	Correlation	ER	Golgi	NA	0.17604313869903765	-0.00131768909671782	0.12000289139922424	ER
Cells_RadialDistribution_FracAtD_Golgi_4of4	Cells	RadialDistribution	FracAtD	Golgi	4of4	NA	0.10910653274108816	1.5608800902841e-4	-0.11996136721924412	Golgi
Nuclei_Correlation_RWC_Golgi_Actin	Nuclei	Correlation	RWC	Golgi	Actin	NA	0.13915065426814666	8.4385244862373e-4	-0.1192704951270641	Golgi
Cells_Texture_InfoMeas1_Golgi_3_03_256	Cells	Texture	InfoMeas1	Golgi	3	03	0.1933894777344145	0.00152581924268639	-0.11908970564537648	Golgi
Cells_Texture_InfoMeas1_Golgi_3_01_256	Cells	Texture	InfoMeas1	Golgi	3	01	0.1912143306952837	0.00150773036556072	-0.11887732952793918	Golgi
Cytoplasm_AreaShape_Solidity	Cytoplasm	AreaShape	Solidity	NA	NA	NA	0.106537684580713	-1.8357681335624e-4	0.11806437382616228	other
Nuclei_Intensity_IntegratedIntensityEdge_Hoechst	Nuclei	Intensity	IntegratedIntensityEdge	Hoechst	NA	NA	0.1585006744571329	0.00116580135248491	-0.11745757858878098	Nucleus
Cells_RadialDistribution_MeanFrac_Mitochondria_3of4	Cells	RadialDistribution	MeanFrac	Mitochondria	3of4	NA	0.11995065129059712	-5.8868289081815e-4	0.11663682356394212	Mito
Nuclei_Texture_DifferenceVariance_Golgi_3_01_256	Nuclei	Texture	DifferenceVariance	Golgi	3	01	0.09928520491845529	-2.447688232665837e-5	0.11618308216197146	Golgi
Nuclei_RadialDistribution_FracAtD_Golgi_3of4	Nuclei	RadialDistribution	FracAtD	Golgi	3of4	NA	0.10463923268826414	-2.5691618774325e-4	0.11568044871495846	Golgi
Nuclei_Texture_SumVariance_Actin_3_01_256	Nuclei	Texture	SumVariance	Actin	3	01	0.124733043527267	7.4356327161302e-4	-0.11471802073131028	Actin
Cells_Texture_InfoMeas1_ER_3_01_256	Cells	Texture	InfoMeas1	ER	3	01	0.2500468426548932	0.00212285831110298	-0.1140499728063416	ER
Cells_Texture_InfoMeas1_ER_3_03_256	Cells	Texture	InfoMeas1	ER	3	03	0.25442692370071474	0.00215794796066531	-0.11400474324667882	ER
Nuclei_RadialDistribution_FracAtD_ER_1of4	Nuclei	RadialDistribution	FracAtD	ER	1of4	NA	0.09411886360613542	3.0091054147358523e-5	0.11373931329094689	ER
Cytoplasm_AreaShape_FormFactor	Cytoplasm	AreaShape	FormFactor	NA	NA	NA	0.0953430141043856	-1.5952867855249e-4	0.1119216849445296	other
Nuclei_RadialDistribution_FracAtD_Mitochondria_4of4	Nuclei	RadialDistribution	FracAtD	Mitochondria	4of4	NA	0.09857592549503102	2.7782207354468e-4	-0.1117330782742326	Mito
Nuclei_Correlation_Correlation_Hoechst_Mitochondria	Nuclei	Correlation	Correlation	Hoechst	Mitochondria	NA	0.09176171114292596	-3.30082958795435e-5	0.11157672312568671	Nucleus
Nuclei_RadialDistribution_MeanFrac_Golgi_1of4	Nuclei	RadialDistribution	MeanFrac	Golgi	1of4	NA	0.11115062172695712	-7.0988055913124e-4	0.10803949282769632	Golgi
Nuclei_Texture_Contrast_Actin_3_03_256	Nuclei	Texture	Contrast	Actin	3	03	0.11619366170075972	8.3927985766106e-4	-0.10664502285715592	Actin
Cells_Correlation_Overlap_ER_Hoechst	Cells	Correlation	Overlap	ER	Hoechst	NA	0.08394858323690291	-7.120426777177748e-5	0.1061989104606253	ER
Cytoplasm_Texture_InverseDifferenceMoment_Hoechst_3_02_256	Cytoplasm	Texture	InverseDifferenceMoment	Hoechst	3	02	0.12066376561357228	-9.5263033436883e-4	0.10506180757734188	Nucleus
Nuclei_Correlation_RWC_Actin_Golgi	Nuclei	Correlation	RWC	Actin	Golgi	NA	0.1025711358939907	6.6312438014224e-4	-0.10437895192109028	Actin
Nuclei_AreaShape_Area	Nuclei	AreaShape	Area	NA	NA	NA	0.09208546572442632	-0.00117920799657478	-0.10292995430543024	other
Cytoplasm_RadialDistribution_RadialCV_Golgi_2of4	Cytoplasm	RadialDistribution	RadialCV	Golgi	2of4	NA	0.09712181628550742	-6.3164376952004e-4	0.10199050692005794	Golgi
Nuclei_Granularity_1_Hoechst	Nuclei	Granularity	1	Hoechst	NA	NA	0.0861356985803653	4.328511317519e-4	-0.10057306233896136	Nucleus
Cytoplasm_Correlation_Correlation_Golgi_Mitochondria	Cytoplasm	Correlation	Correlation	Golgi	Mitochondria	NA	0.090241769885533	-5.5386688237635e-4	0.09995021473394	Golgi
Nuclei_Texture_SumVariance_ER_3_03_256	Nuclei	Texture	SumVariance	ER	3	03	0.07008008851286651	-1.3586933247444e-4	-0.0991159285759746	ER
Nuclei_RadialDistribution_FracAtD_Golgi_2of4	Nuclei	RadialDistribution	FracAtD	Golgi	2of4	NA	0.09424261991057226	-6.88164258317e-4	0.0983641439442802	Golgi
Cytoplasm_Texture_AngularSecondMoment_Mitochondria_3_02_256	Cytoplasm	Texture	AngularSecondMoment	Mitochondria	3	02	0.12674858824793955	-0.00120359880503998	0.09792894020390852	Mito
Cells_RadialDistribution_RadialCV_ER_2of4	Cells	RadialDistribution	RadialCV	ER	2of4	NA	0.13370873407148276	-0.00130105094727576	0.0974308264973817	ER
Nuclei_Texture_InfoMeas1_ER_3_00_256	Nuclei	Texture	InfoMeas1	ER	3	00	0.08748124519371814	0.00123814101581219	0.09721292328856998	ER
Cytoplasm_Granularity_1_Actin	Cytoplasm	Granularity	1	Actin	NA	NA	0.14051532040353043	0.00139093940087325	-0.09695487723987042	Actin
Nuclei_Texture_InfoMeas1_ER_3_02_256	Nuclei	Texture	InfoMeas1	ER	3	02	0.08926640906119432	0.00128568462060692	0.09682851655873848	ER
Cytoplasm_Texture_DifferenceVariance_Mitochondria_3_01_256	Cytoplasm	Texture	DifferenceVariance	Mitochondria	3	01	0.14950338079300518	-0.00149620080178948	0.09670518579112485	Mito
Cytoplasm_AreaShape_Extent	Cytoplasm	AreaShape	Extent	NA	NA	NA	0.06927085878377626	-7.737930365584036e-5	0.09629138078517815	other
Cytoplasm_AreaShape_Zernike_2_0	Cytoplasm	AreaShape	Zernike	2	0	NA	0.08370975979531858	-5.4542958435091e-4	0.09591658752829074	other
Cytoplasm_Texture_InfoMeas1_Mitochondria_3_00_256	Cytoplasm	Texture	InfoMeas1	Mitochondria	3	00	0.17054985180351134	0.00172602161737641	-0.09586867855288989	Mito
Nuclei_Correlation_Overlap_ER_Mitochondria	Nuclei	Correlation	Overlap	ER	Mitochondria	NA	0.06441074735743557	3.082449366385e-4	0.09568852438745244	ER
Cytoplasm_Texture_InfoMeas2_ER_3_01_256	Cytoplasm	Texture	InfoMeas2	ER	3	01	0.07076483792718846	-8.2343938409628e-4	-0.09567541973666736	ER
Cytoplasm_Texture_InfoMeas2_ER_3_00_256	Cytoplasm	Texture	InfoMeas2	ER	3	00	0.06445536321335277	-5.5426896174139e-4	-0.0946686336671625	ER
Cytoplasm_Texture_InfoMeas2_ER_3_02_256	Cytoplasm	Texture	InfoMeas2	ER	3	02	0.06456074377899779	-5.6535550283228e-4	-0.09464517877213016	ER
Nuclei_Texture_DifferenceVariance_Mitochondria_3_01_256	Nuclei	Texture	DifferenceVariance	Mitochondria	3	01	0.11684083672581712	-0.00116280016241994	0.0936821367663085	Mito
Nuclei_Correlation_RWC_Golgi_ER	Nuclei	Correlation	RWC	Golgi	ER	NA	0.11433008843971117	0.00114622984342306	-0.0928605065054171	Golgi
Nuclei_Texture_Contrast_ER_3_00_256	Nuclei	Texture	Contrast	ER	3	00	0.0686428734822917	2.5950813727419e-4	-0.09268243203433472	ER
Cytoplasm_Granularity_1_Hoechst	Cytoplasm	Granularity	1	Hoechst	NA	NA	0.0838085584827366	-6.6783016241202e-4	0.09212868197477904	Nucleus
Nuclei_Intensity_IntegratedIntensity_Hoechst	Nuclei	Intensity	IntegratedIntensity	Hoechst	NA	NA	0.06416511332360408	1.1410702594392e-4	-0.0920832534691064	Nucleus
Cytoplasm_Texture_InfoMeas1_Mitochondria_3_02_256	Cytoplasm	Texture	InfoMeas1	Mitochondria	3	02	0.17721649327201985	0.00185204626609623	-0.09185750263544933	Mito
Cells_RadialDistribution_MeanFrac_ER_3of4	Cells	RadialDistribution	MeanFrac	ER	3of4	NA	0.0936622471121792	-9.0386986079464e-4	0.0899740026123718	ER
Cells_Texture_Correlation_Mitochondria_3_00_256	Cells	Texture	Correlation	Mitochondria	3	00	0.08589262151612442	-8.0294079397539e-4	0.08867181489531475	Mito
Cytoplasm_Texture_InfoMeas2_ER_3_03_256	Cytoplasm	Texture	InfoMeas2	ER	3	03	0.06045322843304646	-7.5367222069103e-4	-0.08857806345447432	ER
Cells_Texture_InfoMeas1_Hoechst_3_03_256	Cells	Texture	InfoMeas1	Hoechst	3	03	0.05606772566480755	5.4520383931968e-4	0.08801457710862619	Nucleus
Cells_Texture_AngularSecondMoment_Mitochondria_3_01_256	Cells	Texture	AngularSecondMoment	Mitochondria	3	01	0.1170686086102558	-0.00127881186587009	0.08801221100468568	Mito
Nuclei_Granularity_1_Actin	Nuclei	Granularity	1	Actin	NA	NA	0.10376505069410358	0.0011115829706613	-0.08752822910077228	Actin
Nuclei_Texture_InfoMeas1_ER_3_01_256	Nuclei	Texture	InfoMeas1	ER	3	01	0.07428885439991528	0.00119405733590445	0.08745714717758016	ER
Nuclei_Texture_InfoMeas1_ER_3_03_256	Nuclei	Texture	InfoMeas1	ER	3	03	0.07451329185308697	0.00120148746160644	0.08735025637912759	ER
Cytoplasm_Texture_AngularSecondMoment_Mitochondria_3_01_256	Cytoplasm	Texture	AngularSecondMoment	Mitochondria	3	01	0.10407502329653873	-0.00113959096480681	0.08636984424477338	Mito
Cytoplasm_Texture_AngularSecondMoment_Mitochondria_3_03_256	Cytoplasm	Texture	AngularSecondMoment	Mitochondria	3	03	0.10520632766585658	-0.00115603345734468	0.08632688405618355	Mito
Cells_RadialDistribution_FracAtD_Golgi_3of4	Cells	RadialDistribution	FracAtD	Golgi	3of4	NA	0.05411439235986237	2.9255194370093886e-5	0.08631203533478385	Golgi
Cells_Texture_Correlation_Mitochondria_3_02_256	Cells	Texture	Correlation	Mitochondria	3	02	0.0870380887258857	-8.8679251076853e-4	0.08608781975100885	Mito
Cells_RadialDistribution_MeanFrac_Hoechst_4of4	Cells	RadialDistribution	MeanFrac	Hoechst	4of4	NA	0.05927579861908227	-8.2164609034693e-4	-0.08606547992148621	Nucleus
Cytoplasm_AreaShape_Zernike_0_0	Cytoplasm	AreaShape	Zernike	0	0	NA	0.05162921041443791	2.445641624863956e-5	0.08426343904757386	other
Cytoplasm_RadialDistribution_RadialCV_Golgi_4of4	Cytoplasm	RadialDistribution	RadialCV	Golgi	4of4	NA	0.06859840138955975	-5.8597896470804e-4	0.0839585166365883	Golgi
Nuclei_RadialDistribution_RadialCV_Hoechst_2of4	Nuclei	RadialDistribution	RadialCV	Hoechst	2of4	NA	0.06620138816828303	5.6822926850097e-4	-0.08272231853590378	Nucleus
Nuclei_RadialDistribution_FracAtD_ER_3of4	Nuclei	RadialDistribution	FracAtD	ER	3of4	NA	0.04969909340535716	1.1749089080327787e-5	0.08254039304382096	ER
Cells_RadialDistribution_FracAtD_Hoechst_4of4	Cells	RadialDistribution	FracAtD	Hoechst	4of4	NA	0.05084597705062366	-6.8625396484339e-4	-0.08133206919154663	Nucleus
Cytoplasm_Texture_DifferenceEntropy_Mitochondria_3_01_256	Cytoplasm	Texture	DifferenceEntropy	Mitochondria	3	01	0.15419264227306215	0.0017982304431133	-0.08087892467134031	Mito
Nuclei_Texture_Correlation_Hoechst_3_02_256	Nuclei	Texture	Correlation	Hoechst	3	02	0.06922909567235269	-0.00123791305129955	-0.08048814027236074	Nucleus
Cytoplasm_Texture_InfoMeas1_ER_3_00_256	Cytoplasm	Texture	InfoMeas1	ER	3	00	0.1757656054074388	0.0020008132790541	-0.08045651113887876	ER
Cytoplasm_Correlation_Overlap_Golgi_Mitochondria	Cytoplasm	Correlation	Overlap	Golgi	Mitochondria	NA	0.05076767268282711	2.0215311387142e-4	-0.08012985480661224	Golgi
Cytoplasm_Texture_DifferenceEntropy_Hoechst_3_02_256	Cytoplasm	Texture	DifferenceEntropy	Hoechst	3	02	0.12235443554689018	0.001483837529	-0.07985118888611215	Nucleus
Cells_RadialDistribution_RadialCV_Hoechst_1of4	Cells	RadialDistribution	RadialCV	Hoechst	1of4	NA	0.04753495608685998	-6.276125259493693e-5	0.07978515419255676	Nucleus
Nuclei_Correlation_RWC_ER_Golgi	Nuclei	Correlation	RWC	ER	Golgi	NA	0.0962750406069156	0.0011605068731091	-0.07977110530764202	ER
Cytoplasm_Correlation_RWC_Hoechst_Mitochondria	Cytoplasm	Correlation	RWC	Hoechst	Mitochondria	NA	0.07123876080518876	7.5636634510854e-4	-0.07976611153811418	Nucleus
Nuclei_Correlation_RWC_ER_Hoechst	Nuclei	Correlation	RWC	ER	Hoechst	NA	0.06877120485329102	7.1184779269832e-4	-0.07959914623966094	ER
Nuclei_Correlation_K_Hoechst_Mitochondria	Nuclei	Correlation	K	Hoechst	Mitochondria	NA	0.04595601297365792	-9.557751069057064e-6	-0.07935190551784753	Nucleus
Cells_Intensity_IntegratedIntensity_Hoechst	Cells	Intensity	IntegratedIntensity	Hoechst	NA	NA	0.06305302850016736	-0.00112871918134499	-0.0793241633258919	Nucleus
Cytoplasm_AreaShape_Compactness	Cytoplasm	AreaShape	Compactness	NA	NA	NA	0.04421516478433163	-2.5114744315841363e-5	-0.07800510570583573	other
Cytoplasm_Correlation_Correlation_Hoechst_Mitochondria	Cytoplasm	Correlation	Correlation	Hoechst	Mitochondria	NA	0.09349176609890464	-0.00115765315548871	0.07786151410955704	Nucleus
Nuclei_Texture_Correlation_Hoechst_3_00_256	Nuclei	Texture	Correlation	Hoechst	3	00	0.06426298313902246	-0.00118689089292745	-0.07783827655941596	Nucleus
Cytoplasm_Texture_InfoMeas1_Mitochondria_3_03_256	Cytoplasm	Texture	InfoMeas1	Mitochondria	3	03	0.14622172192987526	0.00176458689080261	-0.07780969791407302	Mito
Nuclei_Correlation_Overlap_ER_Hoechst	Nuclei	Correlation	Overlap	ER	Hoechst	NA	0.05025961977722149	8.3925352956744e-4	0.07703169203431248	ER
Nuclei_Texture_Correlation_Hoechst_3_03_256	Nuclei	Texture	Correlation	Hoechst	3	03	0.07160339749128819	-0.00134785150043646	-0.07690827985538821	Nucleus
Cytoplasm_Texture_InfoMeas1_Golgi_3_00_256	Cytoplasm	Texture	InfoMeas1	Golgi	3	00	0.12925579900129724	0.00160523751291444	-0.07688228737186109	Golgi
Cytoplasm_Texture_InfoMeas1_ER_3_02_256	Cytoplasm	Texture	InfoMeas1	ER	3	02	0.18162818780800827	0.0021015429156425	-0.07650419908139347	ER
Nuclei_Texture_Correlation_Hoechst_3_01_256	Nuclei	Texture	Correlation	Hoechst	3	01	0.06790377320430963	-0.0012895619870073	-0.07626938386563008	Nucleus
Cells_Correlation_RWC_Hoechst_ER	Cells	Correlation	RWC	Hoechst	ER	NA	0.05901364739367454	5.9584292400343e-4	-0.07608299372417769	Nucleus
Cytoplasm_Texture_InfoMeas1_Mitochondria_3_01_256	Cytoplasm	Texture	InfoMeas1	Mitochondria	3	01	0.14108873032832014	0.00174190443870324	-0.07581957742768898	Mito
Cells_RadialDistribution_FracAtD_Hoechst_2of4	Cells	RadialDistribution	FracAtD	Hoechst	2of4	NA	0.04262772419089578	5.8335839059455e-4	0.0752811715126634	Nucleus
Nuclei_Correlation_RWC_Mitochondria_Actin	Nuclei	Correlation	RWC	Mitochondria	Actin	NA	0.04898854964591803	3.7388824735712e-4	-0.07460209084725312	Mito
Cells_RadialDistribution_RadialCV_ER_1of4	Cells	RadialDistribution	RadialCV	ER	1of4	NA	0.07035827854590715	-8.8938071709118e-4	0.07330855293786481	ER
Cytoplasm_Texture_InfoMeas1_Golgi_3_02_256	Cytoplasm	Texture	InfoMeas1	Golgi	3	02	0.13391821281584626	0.00171698539839376	-0.07242297289089906	Golgi
Nuclei_RadialDistribution_RadialCV_Actin_1of4	Nuclei	RadialDistribution	RadialCV	Actin	1of4	NA	0.03483950268814373	2.495807505653e-4	0.0703723477680547	Actin
Cells_Texture_InfoMeas2_Mitochondria_3_00_256	Cells	Texture	InfoMeas2	Mitochondria	3	00	0.04674206810420311	-4.5680178703821e-4	0.07017415625423942	Mito
Nuclei_Correlation_Overlap_ER_Golgi	Nuclei	Correlation	Overlap	ER	Golgi	NA	0.03936974676639093	6.7823559070622e-4	0.06993118600740095	ER
Nuclei_Texture_SumEntropy_Golgi_3_01_256	Nuclei	Texture	SumEntropy	Golgi	3	01	0.03413422970540514	-2.3957450166826e-4	-0.06966011484184706	Golgi
Cells_RadialDistribution_RadialCV_Hoechst_3of4	Cells	RadialDistribution	RadialCV	Hoechst	3of4	NA	0.03438465117264611	3.5413808740463e-4	0.06954020543467539	Nucleus
Cytoplasm_Correlation_K_Golgi_Mitochondria	Cytoplasm	Correlation	K	Golgi	Mitochondria	NA	0.05910400397617577	0.00123221593097386	0.06940018971711676	Golgi
Cells_Intensity_StdIntensityEdge_Mitochondria	Cells	Intensity	StdIntensityEdge	Mitochondria	NA	NA	0.05695139118318859	7.291147080502e-4	-0.06913688417984926	Mito
Nuclei_RadialDistribution_FracAtD_Mitochondria_3of4	Nuclei	RadialDistribution	FracAtD	Mitochondria	3of4	NA	0.03445649141659479	1.1993978507087462e-5	0.06875150787004972	Mito
Cells_Texture_InfoMeas2_Mitochondria_3_02_256	Cells	Texture	InfoMeas2	Mitochondria	3	02	0.04792652324037072	-5.3352095639598e-4	0.06868599409193127	Mito
Cells_AreaShape_Solidity	Cells	AreaShape	Solidity	NA	NA	NA	0.03317101981398041	2.1512391132526e-4	0.06866502328821465	other
Cytoplasm_Correlation_RWC_ER_Actin	Cytoplasm	Correlation	RWC	ER	Actin	NA	0.07495486139608076	0.00106620398392685	-0.06809792710785924	ER
Cells_RadialDistribution_FracAtD_Hoechst_1of4	Cells	RadialDistribution	FracAtD	Hoechst	1of4	NA	0.03318727750763572	4.0357954114014e-4	0.06787487277559263	Nucleus
Cytoplasm_Intensity_MassDisplacement_Mitochondria	Cytoplasm	Intensity	MassDisplacement	Mitochondria	NA	NA	0.06233982348164546	-8.6378062773378e-4	0.0677369445893932	Mito
Nuclei_Intensity_MassDisplacement_ER	Nuclei	Intensity	MassDisplacement	ER	NA	NA	0.03963629738053653	-8.2593335379752e-4	-0.06571653974416519	ER
Nuclei_Intensity_MassDisplacement_Actin	Nuclei	Intensity	MassDisplacement	Actin	NA	NA	0.03036513535197849	-2.2709337509162e-4	-0.0657013432742395	Actin
Nuclei_RadialDistribution_FracAtD_Golgi_1of4	Nuclei	RadialDistribution	FracAtD	Golgi	1of4	NA	0.04949797457914973	-6.5755225386268e-4	0.0653880093983056	Golgi
Cytoplasm_Texture_InfoMeas1_ER_3_03_256	Cytoplasm	Texture	InfoMeas1	ER	3	03	0.15575169223530372	0.00201503594593412	-0.06506322472897746	ER
Cells_Correlation_RWC_Mitochondria_ER	Cells	Correlation	RWC	Mitochondria	ER	NA	0.10517521517579742	0.00151502064201244	-0.06466302139040517	Mito
Cytoplasm_Intensity_MassDisplacement_Hoechst	Cytoplasm	Intensity	MassDisplacement	Hoechst	NA	NA	0.02887535134320207	-2.3992830419676e-4	-0.06405297775693387	Nucleus
Cytoplasm_Texture_Correlation_Hoechst_3_03_256	Cytoplasm	Texture	Correlation	Hoechst	3	03	0.04300793733790475	-9.6337499679992e-4	-0.06405223555548442	Nucleus
Cytoplasm_Texture_SumEntropy_Mitochondria_3_01_256	Cytoplasm	Texture	SumEntropy	Mitochondria	3	01	0.06125865395395324	9.2075145006762e-4	-0.06389287594853099	Mito
Cytoplasm_Texture_InfoMeas1_ER_3_01_256	Cytoplasm	Texture	InfoMeas1	ER	3	01	0.1507522617886553	0.00198477742535217	-0.06380570497006574	ER
Nuclei_Texture_InverseDifferenceMoment_Mitochondria_3_01_256	Nuclei	Texture	InverseDifferenceMoment	Mitochondria	3	01	0.07855608440165196	-0.00119783235404705	0.06342661173807755	Mito
Nuclei_Intensity_MeanIntensityEdge_Hoechst	Nuclei	Intensity	MeanIntensityEdge	Hoechst	NA	NA	0.17680622136060997	0.00221953785895395	-0.06272039511459983	Nucleus
Nuclei_Correlation_K_Mitochondria_Golgi	Nuclei	Correlation	K	Mitochondria	Golgi	NA	0.11013592104276426	-0.00201742230180673	-0.06271407845670224	Mito
Cells_Granularity_1_Hoechst	Cells	Granularity	1	Hoechst	NA	NA	0.06742210896034928	-0.00104623125358031	0.06259727745431662	Nucleus
Cytoplasm_Correlation_RWC_Golgi_Actin	Cytoplasm	Correlation	RWC	Golgi	Actin	NA	0.05090888198358845	7.6274803562596e-4	-0.06206564795310927	Golgi
Nuclei_RadialDistribution_RadialCV_Mitochondria_4of4	Nuclei	RadialDistribution	RadialCV	Mitochondria	4of4	NA	0.03627958578440438	-3.9713470635863e-4	0.06199089506956705	Mito
Cells_Texture_DifferenceVariance_Hoechst_3_02_256	Cells	Texture	DifferenceVariance	Hoechst	3	02	0.09289893297681771	-0.0014214542031059	0.0609468016521307	Nucleus
Nuclei_Correlation_K_Golgi_Mitochondria	Nuclei	Correlation	K	Golgi	Mitochondria	NA	0.08665605638922169	0.00175496137545936	0.06062776198160122	Golgi
Nuclei_Correlation_Correlation_ER_Mitochondria	Nuclei	Correlation	Correlation	ER	Mitochondria	NA	0.04298053082308339	-6.207173894949e-4	0.06059836290517793	ER
Cytoplasm_Texture_Correlation_Hoechst_3_01_256	Cytoplasm	Texture	Correlation	Hoechst	3	01	0.03725306958418151	-8.7948179972805e-4	-0.06042892265486714	Nucleus
Nuclei_Texture_AngularSecondMoment_Mitochondria_3_01_256	Nuclei	Texture	AngularSecondMoment	Mitochondria	3	01	0.06050682359169368	-9.7792484447357e-4	0.06005959079561229	Mito
Nuclei_Texture_InverseDifferenceMoment_Mitochondria_3_03_256	Nuclei	Texture	InverseDifferenceMoment	Mitochondria	3	03	0.07418827551946638	-0.00118956149589968	0.06000542982343758	Mito
Cytoplasm_Texture_Correlation_Mitochondria_3_03_256	Cytoplasm	Texture	Correlation	Mitochondria	3	03	0.04491446705357971	-6.8119278863005e-4	0.05992093853698485	Mito
Cells_RadialDistribution_MeanFrac_Golgi_3of4	Cells	RadialDistribution	MeanFrac	Golgi	3of4	NA	0.03490488239053824	-4.2180870342148e-4	0.05976315528246487	Golgi
Cytoplasm_Texture_Correlation_Mitochondria_3_01_256	Cytoplasm	Texture	Correlation	Mitochondria	3	01	0.04652257950970739	-7.2051807324351e-4	0.05973707183268188	Mito
Nuclei_Correlation_RWC_Mitochondria_Golgi	Nuclei	Correlation	RWC	Mitochondria	Golgi	NA	0.04419792227115304	0.00107891201237679	0.05916220576739976	Mito
Cytoplasm_Intensity_StdIntensityEdge_Golgi	Cytoplasm	Intensity	StdIntensityEdge	Golgi	NA	NA	0.02441924783521021	-1.0162224130161e-4	-0.05864332073532773	Golgi
Cytoplasm_Texture_Correlation_Mitochondria_3_00_256	Cytoplasm	Texture	Correlation	Mitochondria	3	00	0.03942405695092899	-5.8749311823407e-4	0.0583287089091085	Mito
Cytoplasm_Texture_InfoMeas1_Golgi_3_03_256	Cytoplasm	Texture	InfoMeas1	Golgi	3	03	0.11111770155124824	0.00166874640863373	-0.05778969863641994	Golgi
Cells_RadialDistribution_MeanFrac_Hoechst_1of4	Cells	RadialDistribution	MeanFrac	Hoechst	1of4	NA	0.02442222659659976	3.8655685111232e-4	0.05778092565577476	Nucleus
Cytoplasm_Texture_Correlation_Mitochondria_3_02_256	Cytoplasm	Texture	Correlation	Mitochondria	3	02	0.04192822773019278	-6.6766403752325e-4	0.05746478893051508	Mito
Nuclei_Texture_DifferenceEntropy_Mitochondria_3_02_256	Nuclei	Texture	DifferenceEntropy	Mitochondria	3	02	0.06073410097263854	0.00102710533769806	-0.05738556171692241	Mito
Nuclei_Correlation_RWC_Actin_Mitochondria	Nuclei	Correlation	RWC	Actin	Mitochondria	NA	0.02750960747943487	2.3734191912569e-4	-0.05701879945978306	Actin
Cells_RadialDistribution_RadialCV_Golgi_4of4	Cells	RadialDistribution	RadialCV	Golgi	4of4	NA	0.0332772824326023	-4.6096922159007e-4	0.05664795190590611	Golgi
Cytoplasm_RadialDistribution_RadialCV_Hoechst_3of4	Cytoplasm	RadialDistribution	RadialCV	Hoechst	3of4	NA	0.02330429684709578	-2.6920852822161008e-6	-0.05646076441696762	Nucleus
Cytoplasm_Texture_DifferenceVariance_Hoechst_3_00_256	Cytoplasm	Texture	DifferenceVariance	Hoechst	3	00	0.13243084339604683	-0.00189789887005755	0.05643024259136713	Nucleus
Cytoplasm_Texture_InfoMeas1_Golgi_3_01_256	Cytoplasm	Texture	InfoMeas1	Golgi	3	01	0.10638858804095486	0.00163948551652534	-0.05599092959510972	Golgi
Cytoplasm_Texture_InfoMeas1_Actin_3_02_256	Cytoplasm	Texture	InfoMeas1	Actin	3	02	0.05436775162637297	0.00131934054354975	0.05595866468299888	Actin
Nuclei_Texture_SumEntropy_Mitochondria_3_03_256	Nuclei	Texture	SumEntropy	Mitochondria	3	03	0.03640093986873583	5.6827070760281e-4	-0.0558915529788937	Mito
Cytoplasm_RadialDistribution_RadialCV_Actin_3of4	Cytoplasm	RadialDistribution	RadialCV	Actin	3of4	NA	0.0362670291184104	-5.7364692851505e-4	0.05551909796485468	Actin
Cells_Correlation_Overlap_Actin_ER	Cells	Correlation	Overlap	Actin	ER	NA	0.07224964884478957	0.00122983698062223	-0.05543954277345876	Actin
Nuclei_RadialDistribution_MeanFrac_Actin_4of4	Nuclei	RadialDistribution	MeanFrac	Actin	4of4	NA	0.02218307349109949	5.903470105522818e-6	0.05512289492183198	Actin
Nuclei_RadialDistribution_MeanFrac_Actin_3of4	Nuclei	RadialDistribution	MeanFrac	Actin	3of4	NA	0.02163344954956658	-5.139775413884761e-5	-0.05488374603745085	Actin
Cells_RadialDistribution_MeanFrac_Hoechst_2of4	Cells	RadialDistribution	MeanFrac	Hoechst	2of4	NA	0.02371907023088171	5.1980359338316e-4	0.05444135710197825	Nucleus
Nuclei_Texture_Correlation_Golgi_3_03_256	Nuclei	Texture	Correlation	Golgi	3	03	0.02438113419765208	-5.6463181233626e-4	-0.05422388839125829	Golgi
Cytoplasm_Texture_InfoMeas1_Actin_3_01_256	Cytoplasm	Texture	InfoMeas1	Actin	3	01	0.04902865025386094	0.00124431794638693	0.05394857330960646	Actin
Nuclei_RadialDistribution_MeanFrac_Mitochondria_3of4	Nuclei	RadialDistribution	MeanFrac	Mitochondria	3of4	NA	0.02296639685831358	-1.5264297631773e-4	0.05355765560309127	Mito
Nuclei_RadialDistribution_RadialCV_Hoechst_3of4	Nuclei	RadialDistribution	RadialCV	Hoechst	3of4	NA	0.02384721846075144	2.6746802943287e-4	-0.05186856156383859	Nucleus
Cytoplasm_Texture_InfoMeas1_Actin_3_00_256	Cytoplasm	Texture	InfoMeas1	Actin	3	00	0.04584578865182198	0.0012064692269222201	0.05186742330733147	Actin
Nuclei_Texture_AngularSecondMoment_Golgi_3_03_256	Nuclei	Texture	AngularSecondMoment	Golgi	3	03	0.01893045064503751	2.3584672902321e-4	0.05174278338846089	Golgi
Cytoplasm_Texture_InfoMeas1_Actin_3_03_256	Cytoplasm	Texture	InfoMeas1	Actin	3	03	0.04521133668353083	0.00119978136043278	0.05134790716329283	Actin
Cells_Texture_InfoMeas1_Actin_3_02_256	Cells	Texture	InfoMeas1	Actin	3	02	0.06577931661183267	0.00154645221576378	0.05039341393457479	Actin
Cytoplasm_RadialDistribution_RadialCV_Hoechst_2of4	Cytoplasm	RadialDistribution	RadialCV	Hoechst	2of4	NA	0.01826950896871959	-2.981519039004923e-5	-0.05027934074135713	Nucleus
Cytoplasm_Texture_InfoMeas2_Mitochondria_3_00_256	Cytoplasm	Texture	InfoMeas2	Mitochondria	3	00	0.03354584021801632	-6.2461775951844e-4	0.05012271826556046	Mito
Nuclei_Texture_Correlation_Golgi_3_01_256	Nuclei	Texture	Correlation	Golgi	3	01	0.01955902988575819	-4.8522399374378e-4	-0.04911082931324153	Golgi
Nuclei_Intensity_StdIntensityEdge_Golgi	Nuclei	Intensity	StdIntensityEdge	Golgi	NA	NA	0.01688720478767924	-1.1812655926333e-4	-0.04891984402330476	Golgi
Cytoplasm_Correlation_Correlation_Golgi_Hoechst	Cytoplasm	Correlation	Correlation	Golgi	Hoechst	NA	0.05931468916852878	-0.00113293832411098	0.04890800782405059	Golgi
Cells_RadialDistribution_RadialCV_Hoechst_4of4	Cells	RadialDistribution	RadialCV	Hoechst	4of4	NA	0.02408893557141378	3.8173619135266e-4	-0.04857209729027846	Nucleus
Cytoplasm_RadialDistribution_FracAtD_Actin_4of4	Cytoplasm	RadialDistribution	FracAtD	Actin	4of4	NA	0.022408921251582	3.2281632122459e-4	-0.04838036840483459	Actin
Nuclei_Texture_DifferenceEntropy_Golgi_3_03_256	Nuclei	Texture	DifferenceEntropy	Golgi	3	03	0.0196051352872727	1.9470084629566e-4	-0.04827401372293185	Golgi
Cytoplasm_Texture_InfoMeas2_Mitochondria_3_01_256	Cytoplasm	Texture	InfoMeas2	Mitochondria	3	01	0.04435588710131311	-8.9459957004751e-4	0.04800406846563637	Mito
Cytoplasm_Texture_InfoMeas2_Mitochondria_3_03_256	Cytoplasm	Texture	InfoMeas2	Mitochondria	3	03	0.04250686105502188	-8.6130274856939e-4	0.0478843650409638	Mito
Nuclei_AreaShape_Zernike_6_4	Nuclei	AreaShape	Zernike	6	4	NA	0.01603516733549337	6.736457138837467e-5	0.04742771825615826	other
Nuclei_RadialDistribution_RadialCV_Hoechst_1of4	Nuclei	RadialDistribution	RadialCV	Hoechst	1of4	NA	0.03586810594727996	7.3314794220023e-4	-0.04735118823832268	Nucleus
Nuclei_Intensity_MassDisplacement_Hoechst	Nuclei	Intensity	MassDisplacement	Hoechst	NA	NA	0.01871456742266131	1.9140560914502e-4	-0.04713608871563451	Nucleus
Cytoplasm_Texture_InfoMeas2_Mitochondria_3_02_256	Cytoplasm	Texture	InfoMeas2	Mitochondria	3	02	0.03377951149955649	-6.927812189006e-4	0.04696628817654903	Mito
Nuclei_Correlation_Overlap_Golgi_Hoechst	Nuclei	Correlation	Overlap	Golgi	Hoechst	NA	0.01474045839796256	1.8587629465447e-4	0.04573604130065023	Golgi
Cytoplasm_Correlation_RWC_ER_Mitochondria	Cytoplasm	Correlation	RWC	ER	Mitochondria	NA	0.02023278426256691	3.1463553624392e-4	-0.04571532800622442	ER
Cytoplasm_Intensity_IntegratedIntensity_Hoechst	Cytoplasm	Intensity	IntegratedIntensity	Hoechst	NA	NA	0.05382242733649001	-0.00139965165590695	-0.04546731462870779	Nucleus
Nuclei_Correlation_RWC_Hoechst_Golgi	Nuclei	Correlation	RWC	Hoechst	Golgi	NA	0.01667131656262999	1.4161461472359e-4	-0.04538646409862534	Nucleus
Nuclei_Texture_InverseDifferenceMoment_Golgi_3_01_256	Nuclei	Texture	InverseDifferenceMoment	Golgi	3	01	0.01626690158292931	-1.1942835110212e-4	0.04525849648557779	Golgi
Cytoplasm_RadialDistribution_RadialCV_Actin_2of4	Cytoplasm	RadialDistribution	RadialCV	Actin	2of4	NA	0.02302616959440895	-4.3562561275508e-4	0.04512413344608886	Actin
Nuclei_AreaShape_FormFactor	Nuclei	AreaShape	FormFactor	NA	NA	NA	0.01721896050790183	-1.9041918836959e-4	0.04504494890163154	other
Cells_AreaShape_Zernike_2_0	Cells	AreaShape	Zernike	2	0	NA	0.01431322448841998	2.3334109766241e-4	0.04483456572805473	other
Cells_Texture_InfoMeas1_Actin_3_00_256	Cells	Texture	InfoMeas1	Actin	3	00	0.05354183378445276	0.00140164100971653	0.04450266407168288	Actin
Nuclei_Texture_Correlation_Golgi_3_00_256	Nuclei	Texture	Correlation	Golgi	3	00	0.01579487804041046	-4.5608578662481e-4	-0.04359855690733171	Golgi
Nuclei_Texture_InverseDifferenceMoment_Golgi_3_03_256	Nuclei	Texture	InverseDifferenceMoment	Golgi	3	03	0.0152021101505243	-1.2699942882169e-4	0.04351539797956649	Golgi
Nuclei_Texture_Correlation_Golgi_3_02_256	Nuclei	Texture	Correlation	Golgi	3	02	0.01635211999021557	-5.0661626102657e-4	-0.04305503154836594	Golgi
Nuclei_Correlation_RWC_Actin_ER	Nuclei	Correlation	RWC	Actin	ER	NA	0.0137938012443245	3.308510057108e-4	0.04283996848696196	Actin
Cells_Texture_SumVariance_Hoechst_3_01_256	Cells	Texture	SumVariance	Hoechst	3	01	0.04304527352295106	9.5134884859772e-4	-0.04264654918033402	Nucleus
Cytoplasm_RadialDistribution_MeanFrac_Mitochondria_4of4	Cytoplasm	RadialDistribution	MeanFrac	Mitochondria	4of4	NA	0.01303586144726554	2.5850674095047e-4	0.04248461264278264	Mito
Cells_Texture_InfoMeas1_Actin_3_01_256	Cells	Texture	InfoMeas1	Actin	3	01	0.06115748155802836	0.0015317104371078	0.04170227836898926	Actin
Cells_Texture_InfoMeas2_ER_3_03_256	Cells	Texture	InfoMeas2	ER	3	03	0.0236013907783682	-8.1267133037561e-4	-0.04156933621566277	ER
Cytoplasm_Intensity_StdIntensity_Hoechst	Cytoplasm	Intensity	StdIntensity	Hoechst	NA	NA	0.04546608588110124	0.00101186318466836	-0.04135288136744972	Nucleus
Nuclei_AreaShape_Zernike_8_8	Nuclei	AreaShape	Zernike	8	8	NA	0.01820873627722152	3.604656409309e-4	-0.04118103759693559	other
Nuclei_AreaShape_Zernike_8_6	Nuclei	AreaShape	Zernike	8	6	NA	0.01218005730766824	2.5930466497685e-4	0.0409664108216953	other
Nuclei_Texture_InfoMeas1_Hoechst_3_02_256	Nuclei	Texture	InfoMeas1	Hoechst	3	02	0.02301757920326885	8.0548827237178e-4	0.0408388182278232	Nucleus
Nuclei_RadialDistribution_RadialCV_ER_2of4	Nuclei	RadialDistribution	RadialCV	ER	2of4	NA	0.01167482453141033	-1.2414690472619e-4	-0.04073298227313426	ER
Nuclei_RadialDistribution_RadialCV_ER_3of4	Nuclei	RadialDistribution	RadialCV	ER	3of4	NA	0.0133208472551688	-4.0169355682593e-4	-0.04049729403249673	ER
Cells_RadialDistribution_FracAtD_Actin_3of4	Cells	RadialDistribution	FracAtD	Actin	3of4	NA	0.01145063204994978	1.4438210396393e-4	0.04034320076026834	Actin
Cells_Texture_InfoMeas1_Actin_3_03_256	Cells	Texture	InfoMeas1	Actin	3	03	0.05551965300683781	0.0014574557653542	0.04011996141735343	Actin
Nuclei_RadialDistribution_RadialCV_Actin_4of4	Nuclei	RadialDistribution	RadialCV	Actin	4of4	NA	0.01183142925936608	4.249011561577816e-5	-0.03964116586641303	Actin
Nuclei_Texture_InfoMeas1_Golgi_3_02_256	Nuclei	Texture	InfoMeas1	Golgi	3	02	0.01845440565786538	6.7660560929464e-4	0.03950620013863481	Golgi
Nuclei_RadialDistribution_MeanFrac_Actin_2of4	Nuclei	RadialDistribution	MeanFrac	Actin	2of4	NA	0.01147927725755859	9.281506059940633e-6	-0.03949372331093089	Actin
Nuclei_AreaShape_Zernike_1_1	Nuclei	AreaShape	Zernike	1	1	NA	0.01420466393082064	2.3012281301616e-4	-0.03935068789437497	other
Nuclei_Correlation_Correlation_ER_Hoechst	Nuclei	Correlation	Correlation	ER	Hoechst	NA	0.0109463685480694	3.453793089547961e-5	0.03902330018403435	ER
Nuclei_AreaShape_Zernike_7_7	Nuclei	AreaShape	Zernike	7	7	NA	0.0183005845107298	4.2505999159391e-4	-0.03868220910666923	other
Cytoplasm_Correlation_Overlap_ER_Mitochondria	Cytoplasm	Correlation	Overlap	ER	Mitochondria	NA	0.01209991785545649	3.8961733306945e-4	0.03842023839067152	ER
Cells_Texture_InfoMeas2_ER_3_01_256	Cells	Texture	InfoMeas2	ER	3	01	0.02125744791678463	-7.8517871117388e-4	-0.03841161512121938	ER
Nuclei_AreaShape_Zernike_3_1	Nuclei	AreaShape	Zernike	3	1	NA	0.01399805523475916	2.6620603825359e-4	-0.03787669696706024	other
Nuclei_Correlation_Overlap_Actin_Hoechst	Nuclei	Correlation	Overlap	Actin	Hoechst	NA	0.02041903948294976	5.1312417104343e-4	-0.03783890902322748	Actin
Nuclei_Texture_InfoMeas1_Golgi_3_00_256	Nuclei	Texture	InfoMeas1	Golgi	3	00	0.01541983923257839	5.9015474810431e-4	0.03768324940187868	Golgi
Cells_Correlation_RWC_Hoechst_Mitochondria	Cells	Correlation	RWC	Hoechst	Mitochondria	NA	0.01529726081161109	3.3224237437351e-4	-0.03767508180162751	Nucleus
Cytoplasm_Correlation_RWC_ER_Hoechst	Cytoplasm	Correlation	RWC	ER	Hoechst	NA	0.01373873026779404	-5.182330514547e-4	-0.037408095570883	ER
Cytoplasm_RadialDistribution_RadialCV_Actin_4of4	Cytoplasm	RadialDistribution	RadialCV	Actin	4of4	NA	0.02633621761356308	-6.9208183111076e-4	0.03681753462038815	Actin
Cytoplasm_AreaShape_Zernike_2_2	Cytoplasm	AreaShape	Zernike	2	2	NA	0.00955628284165821	1.8647612916341e-4	0.03666187863799694	other
Cells_Texture_InfoMeas2_Golgi_3_00_256	Cells	Texture	InfoMeas2	Golgi	3	00	0.01294312485341864	-2.5356073696249e-4	0.03650133966756891	Golgi
Nuclei_Intensity_StdIntensity_Golgi	Nuclei	Intensity	StdIntensity	Golgi	NA	NA	0.00924916624317584	-1.3218783855736e-4	-0.03625600904725269	Golgi
Cells_AreaShape_Compactness	Cells	AreaShape	Compactness	NA	NA	NA	0.00941418283918837	-2.5065551001548e-4	-0.0357346166338352	other
Cytoplasm_Texture_SumVariance_Golgi_3_02_256	Cytoplasm	Texture	SumVariance	Golgi	3	02	0.01026482343967227	1.0926955745938e-4	-0.03565349162596837	Golgi
Nuclei_AreaShape_Zernike_9_9	Nuclei	AreaShape	Zernike	9	9	NA	0.01523051271084652	3.8151962863485e-4	-0.0355611099630133	other
Cytoplasm_AreaShape_Zernike_9_1	Cytoplasm	AreaShape	Zernike	9	1	NA	0.00903164658313859	2.3586537974498e-4	0.03512794895195666	other
Cytoplasm_RadialDistribution_MeanFrac_Golgi_1of4	Cytoplasm	RadialDistribution	MeanFrac	Golgi	1of4	NA	0.00867304613377717	-1.6165231329616e-4	-0.03501409601003424	Golgi
Nuclei_AreaShape_Zernike_5_5	Nuclei	AreaShape	Zernike	5	5	NA	0.01715225517335605	4.67957143742e-4	-0.03479756067608974	other
Cells_RadialDistribution_FracAtD_Actin_4of4	Cells	RadialDistribution	FracAtD	Actin	4of4	NA	0.0083591665015168	-1.4934783310498e-4	-0.03441290591914305	Actin
Nuclei_RadialDistribution_RadialCV_Hoechst_4of4	Nuclei	RadialDistribution	RadialCV	Hoechst	4of4	NA	0.01312363509279157	3.2586238755208e-4	-0.03418743165687697	Nucleus
Cytoplasm_RadialDistribution_FracAtD_ER_3of4	Cytoplasm	RadialDistribution	FracAtD	ER	3of4	NA	0.01170361621036741	-2.6212669235376e-4	0.03399565793652983	ER
Nuclei_RadialDistribution_RadialCV_Actin_3of4	Nuclei	RadialDistribution	RadialCV	Actin	3of4	NA	0.00948087377678397	1.2705551809227e-4	-0.03376985440126474	Actin
Nuclei_Texture_SumVariance_Hoechst_3_01_256	Nuclei	Texture	SumVariance	Hoechst	3	01	0.01033327225407942	1.9703008158139e-4	-0.03354009915147352	Nucleus
Cytoplasm_RadialDistribution_RadialCV_Hoechst_4of4	Cytoplasm	RadialDistribution	RadialCV	Hoechst	4of4	NA	0.01946525835435797	5.6791570261639e-4	-0.03329792503096562	Nucleus
Cytoplasm_Correlation_RWC_Actin_Golgi	Cytoplasm	Correlation	RWC	Actin	Golgi	NA	0.01076599617905993	2.3716111893903e-4	-0.03309398705919314	Actin
Nuclei_Texture_Correlation_Mitochondria_3_02_256	Nuclei	Texture	Correlation	Mitochondria	3	02	0.00841026146151102	-2.7916255122422e-4	-0.03307672827510096	Mito
Cytoplasm_Texture_Correlation_Golgi_3_01_256	Cytoplasm	Texture	Correlation	Golgi	3	01	0.02427906029559023	-7.0205571512836e-4	0.032890601287652	Golgi
Nuclei_Correlation_Correlation_ER_Golgi	Nuclei	Correlation	Correlation	ER	Golgi	NA	0.00772823942367684	-3.446903108967528e-5	-0.03283448753464504	ER
Cytoplasm_AreaShape_Zernike_8_0	Cytoplasm	AreaShape	Zernike	8	0	NA	0.00822826441023338	2.7415326764432e-4	0.03275495839878843	other
Cells_Neighbors_PercentTouching_Adjacent	Cells	Neighbors	PercentTouching	Adjacent	NA	NA	0.0172115964168652	7.2989710961569e-4	0.03263116165112058	other
Cytoplasm_Texture_Correlation_Golgi_3_00_256	Cytoplasm	Texture	Correlation	Golgi	3	00	0.01931007845885357	-5.7577789055759e-4	0.03256177030184373	Golgi
Nuclei_AreaShape_Compactness	Nuclei	AreaShape	Compactness	NA	NA	NA	0.00980033141137815	1.9627988924972e-4	-0.03253155205733369	other
Cytoplasm_Texture_Correlation_Golgi_3_02_256	Cytoplasm	Texture	Correlation	Golgi	3	02	0.02048013135514759	-6.1317846108257e-4	0.03228614704260753	Golgi
Nuclei_Correlation_Overlap_Golgi_Mitochondria	Nuclei	Correlation	Overlap	Golgi	Mitochondria	NA	0.01314058411239693	3.7563599939736e-4	-0.03208545184891619	Golgi
Nuclei_AreaShape_Zernike_7_1	Nuclei	AreaShape	Zernike	7	1	NA	0.0088528331867953	1.4912771595834e-4	-0.03197627230881771	other
Cytoplasm_RadialDistribution_MeanFrac_ER_4of4	Cytoplasm	RadialDistribution	MeanFrac	ER	4of4	NA	0.00791827500303066	-6.389237797568068e-5	0.03194689727313945	ER
Cells_AreaShape_FormFactor	Cells	AreaShape	FormFactor	NA	NA	NA	0.00856902435002082	3.4540285456662e-4	0.03184085349982208	other
Nuclei_AreaShape_Zernike_3_3	Nuclei	AreaShape	Zernike	3	3	NA	0.01253528120093838	3.5854425745386e-4	-0.03171510030362727	other
Cytoplasm_Texture_Correlation_Golgi_3_03_256	Cytoplasm	Texture	Correlation	Golgi	3	03	0.02190913627740498	-6.6257298582936e-4	0.03153911065665529	Golgi
Cells_Texture_Contrast_Hoechst_3_00_256	Cells	Texture	Contrast	Hoechst	3	00	0.02553616623317023	7.5268167414925e-4	-0.03141072067784058	Nucleus
Cytoplasm_RadialDistribution_MeanFrac_Hoechst_4of4	Cytoplasm	RadialDistribution	MeanFrac	Hoechst	4of4	NA	0.01327750954939177	6.0653715324885e-4	0.0313942735844742	Nucleus
Nuclei_AreaShape_Extent	Nuclei	AreaShape	Extent	NA	NA	NA	0.01065329671150805	-2.8259904098791e-4	0.0312353817147183	other
Nuclei_AreaShape_Zernike_5_3	Nuclei	AreaShape	Zernike	5	3	NA	0.0108943591338988	2.9614974567533e-4	-0.03117867952241274	other
Cytoplasm_Correlation_K_Mitochondria_Golgi	Cytoplasm	Correlation	K	Mitochondria	Golgi	NA	0.01842705815567213	-7.8246330132058e-4	-0.0311290843866195	Mito
Nuclei_AreaShape_Zernike_6_6	Nuclei	AreaShape	Zernike	6	6	NA	0.01285193615697077	3.8656023964497e-4	-0.03102676246365456	other
Nuclei_AreaShape_Zernike_7_3	Nuclei	AreaShape	Zernike	7	3	NA	0.01035390162684868	2.778273931787e-4	-0.03082322943479134	other
Cells_Correlation_RWC_Hoechst_Golgi	Cells	Correlation	RWC	Hoechst	Golgi	NA	0.00712772504726522	3.044453624726951e-5	-0.03080619637213985	Nucleus
Cells_RadialDistribution_MeanFrac_Actin_4of4	Cells	RadialDistribution	MeanFrac	Actin	4of4	NA	0.006960553430432	2.7041389135898e-4	0.02974956947349481	Actin
Cytoplasm_RadialDistribution_MeanFrac_Mitochondria_1of4	Cytoplasm	RadialDistribution	MeanFrac	Mitochondria	1of4	NA	0.00684645755066937	-2.5845937782578e-4	-0.02971204435907108	Mito
Nuclei_RadialDistribution_FracAtD_Hoechst_3of4	Nuclei	RadialDistribution	FracAtD	Hoechst	3of4	NA	0.00683699831374851	-6.755343861130943e-5	0.02953409463413593	Nucleus
Cells_AreaShape_Extent	Cells	AreaShape	Extent	NA	NA	NA	0.00651462587959783	2.2579048692124e-4	0.02946692969759518	other
Nuclei_Correlation_RWC_Golgi_Mitochondria	Nuclei	Correlation	RWC	Golgi	Mitochondria	NA	0.02231057953549475	9.0035557425935e-4	0.02938875910254558	Golgi
Cytoplasm_Texture_Correlation_Hoechst_3_02_256	Cytoplasm	Texture	Correlation	Hoechst	3	02	0.01238486286025264	-5.9848301849329e-4	-0.02938369201508973	Nucleus
Cells_Texture_Correlation_ER_3_02_256	Cells	Texture	Correlation	ER	3	02	0.04676843399603758	-0.00136836658810324	-0.02924503888214769	ER
Nuclei_Texture_Correlation_Mitochondria_3_00_256	Nuclei	Texture	Correlation	Mitochondria	3	00	0.00614743975724774	-1.7068302389164e-4	-0.02924091650965542	Mito
Nuclei_AreaShape_Zernike_5_1	Nuclei	AreaShape	Zernike	5	1	NA	0.00851766229579031	2.1725563445595e-4	-0.02922238404964484	other
Cytoplasm_Texture_Correlation_Hoechst_3_00_256	Cytoplasm	Texture	Correlation	Hoechst	3	00	0.01121393655633995	-5.5403672506497e-4	-0.02908885739587143	Nucleus
Cytoplasm_RadialDistribution_FracAtD_Hoechst_2of4	Cytoplasm	RadialDistribution	FracAtD	Hoechst	2of4	NA	0.01354159044288338	-4.625391910602e-4	0.02841830648849122	Nucleus
Nuclei_Correlation_Correlation_Actin_Hoechst	Nuclei	Correlation	Correlation	Actin	Hoechst	NA	0.00666138709389729	1.0624059599041e-4	-0.02831268996821896	Actin
Cells_Texture_Correlation_ER_3_00_256	Cells	Texture	Correlation	ER	3	00	0.04550719016342963	-0.00135240977105598	-0.02795796288782827	ER
Cytoplasm_RadialDistribution_FracAtD_Actin_1of4	Cytoplasm	RadialDistribution	FracAtD	Actin	1of4	NA	0.00777119620531041	-2.1180077023562e-4	0.02776452660149979	Actin
Nuclei_Correlation_RWC_Hoechst_Mitochondria	Nuclei	Correlation	RWC	Hoechst	Mitochondria	NA	0.01156223393422184	4.0138942561192e-4	-0.0276858856687491	Nucleus
Nuclei_AreaShape_Zernike_6_2	Nuclei	AreaShape	Zernike	6	2	NA	0.00540259482216498	1.3624267812658e-4	0.02758993991733932	other
Nuclei_AreaShape_Zernike_9_5	Nuclei	AreaShape	Zernike	9	5	NA	0.00970769249241454	3.2469324947677e-4	-0.02749371287894595	other
Cytoplasm_RadialDistribution_MeanFrac_Mitochondria_3of4	Cytoplasm	RadialDistribution	MeanFrac	Mitochondria	3of4	NA	0.0057385284079765	-2.3479073532145e-4	-0.02723924383930533	Mito
Nuclei_AreaShape_Solidity	Nuclei	AreaShape	Solidity	NA	NA	NA	0.01165521503582889	-4.1821670428037e-4	0.02697597675439942	other
Nuclei_Texture_Correlation_Mitochondria_3_03_256	Nuclei	Texture	Correlation	Mitochondria	3	03	0.00728360962330587	-3.8511777746493e-4	-0.02689295067033371	Mito
Cytoplasm_RadialDistribution_FracAtD_Mitochondria_4of4	Cytoplasm	RadialDistribution	FracAtD	Mitochondria	4of4	NA	0.01063944081375434	3.8915978321804e-4	-0.02633930552349789	Mito
Nuclei_Intensity_MassDisplacement_Golgi	Nuclei	Intensity	MassDisplacement	Golgi	NA	NA	0.00807031139943759	-4.4888728943687e-4	-0.02603877397185617	Golgi
Nuclei_Intensity_StdIntensityEdge_Hoechst	Nuclei	Intensity	StdIntensityEdge	Hoechst	NA	NA	0.02301072838741191	7.6550980171536e-4	-0.02578319990219623	Nucleus
Nuclei_Texture_Correlation_Mitochondria_3_01_256	Nuclei	Texture	Correlation	Mitochondria	3	01	0.00693061445750653	-3.903458365769e-4	-0.02553381710827546	Mito
Cytoplasm_RadialDistribution_MeanFrac_ER_1of4	Cytoplasm	RadialDistribution	MeanFrac	ER	1of4	NA	0.00549547547820916	1.0600823346327e-4	-0.02548642466874376	ER
Cells_RadialDistribution_MeanFrac_Actin_2of4	Cells	RadialDistribution	MeanFrac	Actin	2of4	NA	0.00506808783696244	-2.2998400114641e-4	-0.0254019551659679	Actin
Nuclei_RadialDistribution_FracAtD_Hoechst_4of4	Nuclei	RadialDistribution	FracAtD	Hoechst	4of4	NA	0.03060346168508576	9.3317972295991e-4	-0.02515501390817198	Nucleus
Nuclei_RadialDistribution_MeanFrac_Actin_1of4	Nuclei	RadialDistribution	MeanFrac	Actin	1of4	NA	0.00430747657143604	-1.9190356065785977e-5	-0.02445764069515948	Actin
Cytoplasm_Correlation_Correlation_ER_Hoechst	Cytoplasm	Correlation	Correlation	ER	Hoechst	NA	0.06508080834379393	-0.0014712263271224	0.02435286074290802	ER
Nuclei_Correlation_Correlation_Actin_ER	Nuclei	Correlation	Correlation	Actin	ER	NA	0.00431256004330093	1.5832745277719e-4	0.0243304231603652	Actin
Nuclei_Texture_Entropy_Hoechst_3_02_256	Nuclei	Texture	Entropy	Hoechst	3	02	0.02066887241173887	7.2961342837166e-4	-0.02408558023424714	Nucleus
Nuclei_Correlation_RWC_Mitochondria_ER	Nuclei	Correlation	RWC	Mitochondria	ER	NA	0.01436796951265606	5.5925863087575e-4	-0.02395112743799289	Mito
Nuclei_RadialDistribution_RadialCV_Golgi_2of4	Nuclei	RadialDistribution	RadialCV	Golgi	2of4	NA	0.00412767802712543	-5.3548109712457565e-6	-0.02380889818062842	Golgi
Cytoplasm_Granularity_1_Golgi	Cytoplasm	Granularity	1	Golgi	NA	NA	0.01868522360520752	6.8398570044765e-4	-0.02372415750972164	Golgi
Cytoplasm_RadialDistribution_FracAtD_ER_4of4	Cytoplasm	RadialDistribution	FracAtD	ER	4of4	NA	0.00555181076113342	1.9106416490117e-4	-0.02303675334116928	ER
Cytoplasm_RadialDistribution_FracAtD_Hoechst_1of4	Cytoplasm	RadialDistribution	FracAtD	Hoechst	1of4	NA	0.00971397659050277	-4.1126937859112e-4	0.02291966145972506	Nucleus
Nuclei_AreaShape_Zernike_9_1	Nuclei	AreaShape	Zernike	9	1	NA	0.00635906999069468	2.4896004028074e-4	-0.02287225367074907	other
Cells_RadialDistribution_FracAtD_Hoechst_3of4	Cells	RadialDistribution	FracAtD	Hoechst	3of4	NA	0.00559587477054768	3.5462381752993e-4	0.02274702592515983	Nucleus
Cells_Texture_Correlation_Hoechst_3_02_256	Cells	Texture	Correlation	Hoechst	3	02	0.00659147808234272	-2.6660598974712e-4	0.02269857467628242	Nucleus
Cells_RadialDistribution_MeanFrac_Actin_1of4	Cells	RadialDistribution	MeanFrac	Actin	1of4	NA	0.00379874359169041	-1.7693453111277e-4	-0.02242569362429287	Actin
Nuclei_Correlation_Overlap_Hoechst_Mitochondria	Nuclei	Correlation	Overlap	Hoechst	Mitochondria	NA	0.0067229262880768	4.3178749604755e-4	0.02232584856828576	Nucleus
Cells_RadialDistribution_RadialCV_Actin_1of4	Cells	RadialDistribution	RadialCV	Actin	1of4	NA	0.00370480089735436	-3.447071906205988e-5	0.02201261459996718	Actin
Nuclei_Texture_InfoMeas2_Hoechst_3_02_256	Nuclei	Texture	InfoMeas2	Hoechst	3	02	0.01267923985266017	-6.8196880758357e-4	-0.02167372221010362	Nucleus
Cytoplasm_AreaShape_Zernike_1_1	Cytoplasm	AreaShape	Zernike	1	1	NA	0.00388350108628543	-8.360913431219053e-5	0.02155872627161712	other
Cells_Intensity_MassDisplacement_Hoechst	Cells	Intensity	MassDisplacement	Hoechst	NA	NA	0.00793424604132042	-5.0258656485499e-4	-0.02151280349206273	Nucleus
Nuclei_AreaShape_Zernike_9_3	Nuclei	AreaShape	Zernike	9	3	NA	0.0049832712814144	1.9825730553246e-4	-0.0211679948042416	other
Cytoplasm_Correlation_Correlation_Actin_ER	Cytoplasm	Correlation	Correlation	Actin	ER	NA	0.00302696999951723	-4.330975675362354e-5	-0.02068529381970383	Actin
Nuclei_AreaShape_Zernike_7_5	Nuclei	AreaShape	Zernike	7	5	NA	0.00753956673590627	3.6016294495863e-4	-0.0203233373039851	other
Cytoplasm_RadialDistribution_MeanFrac_Hoechst_3of4	Cytoplasm	RadialDistribution	MeanFrac	Hoechst	3of4	NA	0.01393490654218809	-7.2923727665651e-4	-0.02028117917485297	Nucleus
Nuclei_RadialDistribution_RadialCV_Golgi_4of4	Nuclei	RadialDistribution	RadialCV	Golgi	4of4	NA	0.00881667173100964	-4.1710154988856e-4	0.02022322765447985	Golgi
Cytoplasm_AreaShape_Zernike_4_2	Cytoplasm	AreaShape	Zernike	4	2	NA	0.00353825070572211	-9.493006214389104e-5	0.02019818829803107	other
Cytoplasm_AreaShape_Zernike_7_1	Cytoplasm	AreaShape	Zernike	7	1	NA	0.00665329843993456	4.5512955954287e-4	0.02017000935822838	other
Nuclei_Texture_InfoMeas1_Mitochondria_3_00_256	Nuclei	Texture	InfoMeas1	Mitochondria	3	00	0.01687756018295749	6.8170760859313e-4	-0.01975904268525224	Mito
Cells_Correlation_Correlation_Actin_Hoechst	Cells	Correlation	Correlation	Actin	Hoechst	NA	0.0060716497532417	-2.9843811613272e-4	0.01965727272337484	Actin
Cytoplasm_Texture_Contrast_Golgi_3_03_256	Cytoplasm	Texture	Contrast	Golgi	3	03	0.00484121608151266	2.2556495491648e-4	-0.01958594953020892	Golgi
Cytoplasm_AreaShape_Zernike_8_4	Cytoplasm	AreaShape	Zernike	8	4	NA	0.00273731369480889	8.447065122766602e-6	-0.01923591095616854	other
Nuclei_AreaShape_Zernike_9_7	Nuclei	AreaShape	Zernike	9	7	NA	0.00839601808653056	4.1475631280465e-4	-0.01921081764100094	other
Cytoplasm_AreaShape_Zernike_6_0	Cytoplasm	AreaShape	Zernike	6	0	NA	0.00499050126851574	3.7307253187691e-4	0.01915998302253795	other
Nuclei_AreaShape_Zernike_4_2	Nuclei	AreaShape	Zernike	4	2	NA	0.00270858826176134	-1.3628248522715e-4	-0.01914208916872344	other
Cytoplasm_Correlation_RWC_Hoechst_ER	Cytoplasm	Correlation	RWC	Hoechst	ER	NA	0.07767438695094708	0.0016602478544599	-0.01912149009919061	Nucleus
Cells_AreaShape_Zernike_5_5	Cells	AreaShape	Zernike	5	5	NA	0.00271556743663281	1.4688118157697e-4	0.01900667096931663	other
Cytoplasm_Texture_InfoMeas2_Golgi_3_03_256	Cytoplasm	Texture	InfoMeas2	Golgi	3	03	0.01730277197144236	-8.2882762432141e-4	-0.01884974118162084	Golgi
Cells_AreaShape_Zernike_0_0	Cells	AreaShape	Zernike	0	0	NA	0.00339400905045972	2.5226912587312e-4	0.018816458942015	other
Nuclei_RadialDistribution_FracAtD_Hoechst_2of4	Nuclei	RadialDistribution	FracAtD	Hoechst	2of4	NA	0.03714194220851585	-0.00110944736565972	0.01865408452552095	Nucleus
Cells_Texture_SumVariance_Mitochondria_3_01_256	Cells	Texture	SumVariance	Mitochondria	3	01	0.00264168930614305	1.5840638026838e-4	0.01849940740254336	Mito
Cells_RadialDistribution_FracAtD_Actin_1of4	Cells	RadialDistribution	FracAtD	Actin	1of4	NA	0.00248595787188832	1.2075871145428e-4	0.01846613354246496	Actin
Cells_AreaShape_Zernike_8_8	Cells	AreaShape	Zernike	8	8	NA	0.00301131860467074	2.1921514710771e-4	0.01841493657786202	other
Nuclei_Texture_DifferenceVariance_Hoechst_3_01_256	Nuclei	Texture	DifferenceVariance	Hoechst	3	01	0.0394531065691539	-0.00127386020118165	-0.01763040552554302	Nucleus
Cytoplasm_RadialDistribution_MeanFrac_ER_3of4	Cytoplasm	RadialDistribution	MeanFrac	ER	3of4	NA	0.00217371846406999	-5.419974720477956e-5	-0.01757675977223172	ER
Cytoplasm_Texture_InfoMeas2_Golgi_3_01_256	Cytoplasm	Texture	InfoMeas2	Golgi	3	01	0.01551613756400815	-7.8617466548568e-4	-0.01746843860817978	Golgi
Nuclei_Texture_InfoMeas1_Mitochondria_3_01_256	Nuclei	Texture	InfoMeas1	Mitochondria	3	01	0.02174494436470964	8.2369102861326e-4	-0.01730945048262034	Mito
Cytoplasm_AreaShape_Zernike_6_2	Cytoplasm	AreaShape	Zernike	6	2	NA	0.00515581834272405	2.9206094419092e-4	-0.01715006034103566	other
Cells_AreaShape_Zernike_6_2	Cells	AreaShape	Zernike	6	2	NA	0.00199747973332087	-8.80755395912202e-5	-0.01674261622368435	other
Nuclei_Texture_DifferenceEntropy_Hoechst_3_02_256	Nuclei	Texture	DifferenceEntropy	Hoechst	3	02	0.03815994184242655	0.00125326305264032	0.01657409336778017	Nucleus
Nuclei_AreaShape_Eccentricity	Nuclei	AreaShape	Eccentricity	NA	NA	NA	0.00263200085076997	2.2749706212925e-4	0.01634424887986078	other
Cells_AreaShape_Zernike_4_2	Cells	AreaShape	Zernike	4	2	NA	0.00207070918218998	-4.0860676405554985e-5	0.01618238062519638	other
Cytoplasm_Correlation_RWC_Hoechst_Golgi	Cytoplasm	Correlation	RWC	Hoechst	Golgi	NA	0.00493868363396332	4.0481592094698e-4	0.01614352993810133	Nucleus
Cells_RadialDistribution_MeanFrac_Actin_3of4	Cells	RadialDistribution	MeanFrac	Actin	3of4	NA	0.0042042161532857	-3.6097017071631e-4	-0.016106940340855	Actin
Cells_AreaShape_Zernike_7_7	Cells	AreaShape	Zernike	7	7	NA	0.00171521497743409	-5.238082727004722e-6	0.01524548237054563	other
Cells_AreaShape_Zernike_4_0	Cells	AreaShape	Zernike	4	0	NA	0.00164052609248133	-8.07949746787444e-5	-0.01516612092392599	other
Cytoplasm_Texture_SumVariance_Hoechst_3_02_256	Cytoplasm	Texture	SumVariance	Hoechst	3	02	0.00551566251590085	3.4481342428057e-4	-0.01496220534018442	Nucleus
Cytoplasm_Intensity_MassDisplacement_ER	Cytoplasm	Intensity	MassDisplacement	ER	NA	NA	0.05285074382997046	-0.00137497628009152	0.01490999274642009	ER
Nuclei_Texture_Contrast_Hoechst_3_02_256	Nuclei	Texture	Contrast	Hoechst	3	02	0.00666298945404153	3.9961433544092e-4	-0.01488535537445131	Nucleus
Cells_AreaShape_Zernike_3_3	Cells	AreaShape	Zernike	3	3	NA	0.00165081911879416	-1.426255947039628e-5	0.01483135065904246	other
Nuclei_RadialDistribution_RadialCV_Mitochondria_1of4	Nuclei	RadialDistribution	RadialCV	Mitochondria	1of4	NA	0.00525492288459017	3.3407103158865e-4	-0.01478245476854641	Mito
Nuclei_Texture_InfoMeas1_Mitochondria_3_02_256	Nuclei	Texture	InfoMeas1	Mitochondria	3	02	0.02008028931739236	8.0777991030786e-4	-0.01471753275524731	Mito
Cytoplasm_AreaShape_MajorAxisLength	Cytoplasm	AreaShape	MajorAxisLength	NA	NA	NA	0.08323591483667381	-0.00175132812017789	0.01435685803525208	other
Cytoplasm_RadialDistribution_MeanFrac_Hoechst_2of4	Cytoplasm	RadialDistribution	MeanFrac	Hoechst	2of4	NA	0.00830727694314514	-5.7015103927084e-4	-0.01414090854445365	Nucleus
Cytoplasm_AreaShape_Zernike_5_1	Cytoplasm	AreaShape	Zernike	5	1	NA	0.01096131282620227	5.6802292028561e-4	-0.01409959016706351	other
Nuclei_Texture_InfoMeas2_Mitochondria_3_03_256	Nuclei	Texture	InfoMeas2	Mitochondria	3	03	0.0018521387046122	-1.8332903076254e-4	-0.01402207994733303	Mito
Nuclei_RadialDistribution_RadialCV_Mitochondria_2of4	Nuclei	RadialDistribution	RadialCV	Mitochondria	2of4	NA	0.00188611453768106	9.415248720897447e-5	-0.01401995408717367	Mito
Cytoplasm_Texture_InfoMeas2_Golgi_3_02_256	Cytoplasm	Texture	InfoMeas2	Golgi	3	02	0.00808672837653279	-5.6244241257461e-4	-0.01397326286549557	Golgi
Cytoplasm_Texture_InfoMeas2_Golgi_3_00_256	Cytoplasm	Texture	InfoMeas2	Golgi	3	00	0.00844218511548122	-5.764821796577e-4	-0.01382998209518383	Golgi
Cells_AreaShape_Zernike_9_9	Cells	AreaShape	Zernike	9	9	NA	0.00128747904162218	4.085674541595085e-5	0.01352625181801955	other
Nuclei_Texture_InfoMeas1_Mitochondria_3_03_256	Nuclei	Texture	InfoMeas1	Mitochondria	3	03	0.01998099572699219	8.1511541125236e-4	-0.01350405372061844	Mito
Cytoplasm_AreaShape_Zernike_6_4	Cytoplasm	AreaShape	Zernike	6	4	NA	0.00141842862597341	-3.9071324778710726e-5	0.01328629747657454	other
Nuclei_Texture_InfoMeas2_Mitochondria_3_01_256	Nuclei	Texture	InfoMeas2	Mitochondria	3	01	0.00156375414084175	-1.6125474043469e-4	-0.01315518886524589	Mito
Nuclei_Texture_SumVariance_Mitochondria_3_03_256	Nuclei	Texture	SumVariance	Mitochondria	3	03	0.00134755195160507	-3.369901889649402e-5	0.01303976893202959	Mito
Nuclei_RadialDistribution_RadialCV_Golgi_3of4	Nuclei	RadialDistribution	RadialCV	Golgi	3of4	NA	0.00167764763762146	-1.8624252541594e-4	-0.01284198129380989	Golgi
Cells_Texture_SumVariance_Golgi_3_01_256	Cells	Texture	SumVariance	Golgi	3	01	0.00116185174863725	-3.460722506583985e-5	-0.01284193200234899	Golgi
Cells_RadialDistribution_MeanFrac_Hoechst_3of4	Cells	RadialDistribution	MeanFrac	Hoechst	3of4	NA	0.00255351773505951	1.9409587480283e-4	-0.01271761383138577	Nucleus
Nuclei_RadialDistribution_FracAtD_Actin_3of4	Nuclei	RadialDistribution	FracAtD	Actin	3of4	NA	0.00152165004110871	8.08955133016742e-5	-0.01270930484717853	Actin
Nuclei_Correlation_Overlap_Actin_ER	Nuclei	Correlation	Overlap	Actin	ER	NA	0.0122800159800428	7.0721461237065e-4	0.01253978627663065	Actin
Cytoplasm_Intensity_MassDisplacement_Golgi	Cytoplasm	Intensity	MassDisplacement	Golgi	NA	NA	0.01677909178892811	-8.2983033209937e-4	-0.01253122325256778	Golgi
Nuclei_RadialDistribution_RadialCV_Actin_2of4	Nuclei	RadialDistribution	RadialCV	Actin	2of4	NA	0.00341901943024369	2.615131422407e-4	-0.01247453060343388	Actin
Nuclei_RadialDistribution_RadialCV_Mitochondria_3of4	Nuclei	RadialDistribution	RadialCV	Mitochondria	3of4	NA	0.00236376417235029	-1.8370976174366e-4	0.01240005266670527	Mito
Cells_AreaShape_Zernike_9_7	Cells	AreaShape	Zernike	9	7	NA	0.00255783508988383	-2.0397079901755e-4	0.01218139268366024	other
Cells_AreaShape_Zernike_8_2	Cells	AreaShape	Zernike	8	2	NA	0.00115113787906839	-1.185189687207e-4	-0.01189368219837152	other
Cytoplasm_Texture_Contrast_Mitochondria_3_00_256	Cytoplasm	Texture	Contrast	Mitochondria	3	00	0.00441375678964051	3.3051024657665e-4	-0.01168942279665358	Mito
Nuclei_AreaShape_Zernike_6_0	Nuclei	AreaShape	Zernike	6	0	NA	0.00214545683517519	-1.7885815946046e-4	0.01160545333186208	other
Cells_AreaShape_Zernike_4_4	Cells	AreaShape	Zernike	4	4	NA	0.0015955180981508301	1.9927952556187e-4	0.0115964648640245	other
Cells_Neighbors_FirstClosestDistance_Adjacent	Cells	Neighbors	FirstClosestDistance	Adjacent	NA	NA	0.1152175241855684	-0.00208958592444654	0.01130210905645778	other
Cytoplasm_AreaShape_Perimeter	Cytoplasm	AreaShape	Perimeter	NA	NA	NA	0.04565131426444813	-0.00136890816252815	-0.01115763293689365	other
Nuclei_RadialDistribution_RadialCV_ER_1of4	Nuclei	RadialDistribution	RadialCV	ER	1of4	NA	0.00142532005858442	1.1374851066558e-4	-0.01100521774289255	ER
Nuclei_RadialDistribution_FracAtD_Hoechst_1of4	Nuclei	RadialDistribution	FracAtD	Hoechst	1of4	NA	0.03375113479386782	-0.00110593621108953	0.01074749117131018	Nucleus
Cytoplasm_Texture_Contrast_Hoechst_3_01_256	Cytoplasm	Texture	Contrast	Hoechst	3	01	0.00844279705237049	5.1374556331949e-4	-0.01072932172208269	Nucleus
Cytoplasm_AreaShape_Zernike_4_0	Cytoplasm	AreaShape	Zernike	4	0	NA	0.00967206589776625	5.5641755924096e-4	-0.01072256208039686	other
Cytoplasm_AreaShape_Zernike_7_3	Cytoplasm	AreaShape	Zernike	7	3	NA	0.00157646620398888	1.389605367225e-4	-0.0106937549257541	other
Nuclei_RadialDistribution_FracAtD_Actin_4of4	Nuclei	RadialDistribution	FracAtD	Actin	4of4	NA	0.00111916434041925	1.4919539092869e-4	0.01062071700875654	Actin
Cells_Correlation_RWC_Mitochondria_Golgi	Cells	Correlation	RWC	Mitochondria	Golgi	NA	0.00254493508758235	2.2978042654966e-4	-0.01047737487530646	Mito
Cytoplasm_Texture_Contrast_Hoechst_3_03_256	Cytoplasm	Texture	Contrast	Hoechst	3	03	0.00878532836381984	5.2821607017405e-4	-0.01046527197688724	Nucleus
Cytoplasm_Texture_Contrast_Mitochondria_3_02_256	Cytoplasm	Texture	Contrast	Mitochondria	3	02	0.00641248837173125	4.384608955323e-4	-0.01036708337384445	Mito
Nuclei_Correlation_RWC_ER_Mitochondria	Nuclei	Correlation	RWC	ER	Mitochondria	NA	0.01068320497566421	5.9341982283073e-4	-0.01020752231718531	ER
Cells_Neighbors_AngleBetweenNeighbors_Adjacent	Cells	Neighbors	AngleBetweenNeighbors	Adjacent	NA	NA	0.0017077011911144	2.3124781288347e-4	0.01015835606548876	other
Cytoplasm_AreaShape_Zernike_3_1	Cytoplasm	AreaShape	Zernike	3	1	NA	8.2380413282245e-4	-9.651503198177748e-5	-0.01015450271522723	other
Cells_AreaShape_Zernike_6_6	Cells	AreaShape	Zernike	6	6	NA	9.1880958808632e-4	1.2226537014863e-4	0.01013127640914777	other
Nuclei_Texture_AngularSecondMoment_Hoechst_3_01_256	Nuclei	Texture	AngularSecondMoment	Hoechst	3	01	0.00582609737880923	-4.1735625250358e-4	0.00994254313279663	Nucleus
Cells_AreaShape_Zernike_7_5	Cells	AreaShape	Zernike	7	5	NA	0.00102457163691205	-8.144177225749247e-5	0.00991965787281149	other
Cytoplasm_Intensity_StdIntensityEdge_Hoechst	Cytoplasm	Intensity	StdIntensityEdge	Hoechst	NA	NA	0.07192170858080438	0.00164618935380771	-0.00989579339287928	Nucleus
Cytoplasm_Intensity_StdIntensityEdge_Mitochondria	Cytoplasm	Intensity	StdIntensityEdge	Mitochondria	NA	NA	0.00560470650124766	4.1016209863915e-4	-0.00966600432447389	Mito
Cytoplasm_RadialDistribution_MeanFrac_Actin_2of4	Cytoplasm	RadialDistribution	MeanFrac	Actin	2of4	NA	0.00134922989516828	-1.9980988467391e-4	-0.00951988753570705	Actin
Cells_AreaShape_Zernike_8_4	Cells	AreaShape	Zernike	8	4	NA	8.9007108063188e-4	-1.3205464877939e-4	-0.00951505548730209	other
Nuclei_Neighbors_FirstClosestDistance_Adjacent	Nuclei	Neighbors	FirstClosestDistance	Adjacent	NA	NA	0.05713460768874434	-0.00152744104133717	-0.00943738672187736	other
Cytoplasm_RadialDistribution_MeanFrac_Actin_1of4	Cytoplasm	RadialDistribution	MeanFrac	Actin	1of4	NA	9.934553008335e-4	-1.5843577666849e-4	-0.00907901861792191	Actin
Cytoplasm_Texture_SumVariance_Mitochondria_3_01_256	Cytoplasm	Texture	SumVariance	Mitochondria	3	01	0.00246808087611893	3.0396287071173e-4	0.00906653310814165	Mito
Cells_AreaShape_Zernike_5_3	Cells	AreaShape	Zernike	5	3	NA	0.00190615242140501	-1.9927185877969e-4	0.00903909336785189	other
Nuclei_RadialDistribution_MeanFrac_Hoechst_3of4	Nuclei	RadialDistribution	MeanFrac	Hoechst	3of4	NA	0.00172751908225288	-1.8720143993445e-4	0.00877803839703983	Nucleus
Nuclei_AreaShape_Zernike_0_0	Nuclei	AreaShape	Zernike	0	0	NA	0.002457763776603	-2.498699544835e-4	0.00845281767334611	other
Nuclei_RadialDistribution_FracAtD_Actin_1of4	Nuclei	RadialDistribution	FracAtD	Actin	1of4	NA	0.00172165290583181	-2.4819615631037e-4	-0.0084339364857043	Actin
Cytoplasm_RadialDistribution_MeanFrac_Hoechst_1of4	Cytoplasm	RadialDistribution	MeanFrac	Hoechst	1of4	NA	0.00427090158422005	-4.1543788106344e-4	-0.00814169236541673	Nucleus
Cells_AreaShape_Eccentricity	Cells	AreaShape	Eccentricity	NA	NA	NA	4.8693060288884e-4	-5.596372200960556e-5	-0.00814105737722714	other
Cells_AreaShape_Zernike_6_4	Cells	AreaShape	Zernike	6	4	NA	8.175731227219e-4	-9.713615963531792e-5	0.00784279073876004	other
Nuclei_RadialDistribution_RadialCV_Golgi_1of4	Nuclei	RadialDistribution	RadialCV	Golgi	1of4	NA	0.00172219847510579	2.011759487521e-4	-0.00772430388076851	Golgi
Cytoplasm_Texture_Contrast_Mitochondria_3_03_256	Cytoplasm	Texture	Contrast	Mitochondria	3	03	0.00390726040950395	3.4979058342824e-4	-0.00726536550140067	Mito
Cells_Neighbors_SecondClosestDistance_Adjacent	Cells	Neighbors	SecondClosestDistance	Adjacent	NA	NA	0.1448379994325144	-0.0023674470734239	0.00722122812009177	other
Cytoplasm_AreaShape_Zernike_5_3	Cytoplasm	AreaShape	Zernike	5	3	NA	0.00142965170986464	-1.8100198254228e-4	0.0072142687972563	other
Cytoplasm_AreaShape_Zernike_8_2	Cytoplasm	AreaShape	Zernike	8	2	NA	0.00116188306963671	2.0216667009929e-4	0.00715638234220766	other
Cytoplasm_Correlation_Correlation_Actin_Hoechst	Cytoplasm	Correlation	Correlation	Actin	Hoechst	NA	9.2835316127681e-4	-1.7775320441496e-4	-0.00675344358879952	Actin
Cells_AreaShape_Zernike_9_3	Cells	AreaShape	Zernike	9	3	NA	3.440612803186e-4	-6.269278141767589e-5	-0.00655477710487188	other
Cytoplasm_AreaShape_Zernike_9_5	Cytoplasm	AreaShape	Zernike	9	5	NA	2.666690395513e-4	-9.098073192764615e-6	-0.00611894369925715	other
Cells_AreaShape_Zernike_9_1	Cells	AreaShape	Zernike	9	1	NA	2.8513465313328e-4	-6.913464916762823e-5	-0.00560747567528861	other
Nuclei_RadialDistribution_FracAtD_Actin_2of4	Nuclei	RadialDistribution	FracAtD	Actin	2of4	NA	0.00113963603861877	-2.0977630716484e-4	-0.00555168842103366	Actin
Cytoplasm_Texture_Correlation_ER_3_02_256	Cytoplasm	Texture	Correlation	ER	3	02	0.01451662466127368	-7.708854721702e-4	-0.00540864241169422	ER
Cells_AreaShape_BoundingBoxArea	Cells	AreaShape	BoundingBoxArea	NA	NA	NA	0.0943836811041433	-0.00191293920952999	0.00539196793610798	other
Cytoplasm_Texture_Correlation_ER_3_00_256	Cytoplasm	Texture	Correlation	ER	3	00	0.0137452280393735	-7.5026751437098e-4	-0.00537068599800697	ER
Nuclei_AreaShape_Zernike_2_0	Nuclei	AreaShape	Zernike	2	0	NA	6.4695864732133e-4	1.5231874992502e-4	0.00514637128420857	other
Nuclei_Texture_Contrast_Mitochondria_3_03_256	Nuclei	Texture	Contrast	Mitochondria	3	03	3.3408501593878e-4	-6.095550491166531e-5	0.00506698805773222	Mito
Nuclei_AreaShape_Zernike_8_0	Nuclei	AreaShape	Zernike	8	0	NA	7.3121453126123e-4	-1.3304172073205e-4	0.00487841156720067	other
Nuclei_AreaShape_Zernike_8_4	Nuclei	AreaShape	Zernike	8	4	NA	1.3602168407289e-4	-2.3672970367275967e-6	-0.00433641904095291	other
Cells_RadialDistribution_RadialCV_Actin_3of4	Cells	RadialDistribution	RadialCV	Actin	3of4	NA	0.00539458149274929	-4.70982828103e-4	-0.00430417107748613	Actin
Cells_AreaShape_Zernike_8_0	Cells	AreaShape	Zernike	8	0	NA	2.8018902870585e-4	6.281821775230801e-5	-0.00429218515110375	other
Nuclei_RadialDistribution_MeanFrac_Hoechst_1of4	Nuclei	RadialDistribution	MeanFrac	Hoechst	1of4	NA	0.02853676519773262	-0.00104735677621915	0.00401752810997556	Nucleus
Cells_RadialDistribution_RadialCV_Actin_4of4	Cells	RadialDistribution	RadialCV	Actin	4of4	NA	0.00945792725376215	-5.9532625932622e-4	0.00391142087035172	Actin
Nuclei_AreaShape_Orientation	Nuclei	AreaShape	Orientation	NA	NA	NA	5.1308809150052e-4	1.4155576847811e-4	0.00354747333052128	other
Cells_AreaShape_Zernike_7_3	Cells	AreaShape	Zernike	7	3	NA	1.8666946166534e-4	-7.442582356091995e-5	-0.00353253239717657	other
Nuclei_Correlation_RWC_ER_Actin	Nuclei	Correlation	RWC	ER	Actin	NA	0.01099295599061978	6.6842168858234e-4	0.0032585403735478	ER
Cells_RadialDistribution_RadialCV_Actin_2of4	Cells	RadialDistribution	RadialCV	Actin	2of4	NA	0.00132777760300129	-2.337432550432e-4	-0.00315344015269997	Actin
Cytoplasm_RadialDistribution_MeanFrac_Actin_3of4	Cytoplasm	RadialDistribution	MeanFrac	Actin	3of4	NA	0.00134020093363262	-2.3486447690435e-4	-0.00311252284810233	Actin
Cytoplasm_Intensity_MassDisplacement_Actin	Cytoplasm	Intensity	MassDisplacement	Actin	NA	NA	0.02622287853708849	-0.00102753811208917	-0.00290425448241629	Actin
Cytoplasm_Texture_Correlation_ER_3_03_256	Cytoplasm	Texture	Correlation	ER	3	03	0.01775755875642315	-8.4657792578881e-4	-0.00279437864506852	ER
Cells_AreaShape_Zernike_6_0	Cells	AreaShape	Zernike	6	0	NA	5.584315506756976e-5	-1.8041087768070303e-5	-0.00276835545735251	other
Cells_AreaShape_Zernike_8_6	Cells	AreaShape	Zernike	8	6	NA	0.0011682374898061	-2.0094835942732e-4	0.00274143514497263	other
Cells_AreaShape_Zernike_9_5	Cells	AreaShape	Zernike	9	5	NA	1.6326253162135e-4	-7.744705833647591e-5	-0.00245001719183841	other
Nuclei_Texture_Contrast_Golgi_3_03_256	Nuclei	Texture	Contrast	Golgi	3	03	5.1175431916461456e-5	-2.8008782239191356e-5	-0.00241965693470031	Golgi
Cytoplasm_RadialDistribution_FracAtD_ER_1of4	Cytoplasm	RadialDistribution	FracAtD	ER	1of4	NA	4.446646866973491e-5	7.139441854542259e-6	-0.00234773845857272	ER
Nuclei_AreaShape_Zernike_4_0	Nuclei	AreaShape	Zernike	4	0	NA	0.0028397868700416	-3.4052121576098e-4	-0.00209736951136863	other
Cytoplasm_RadialDistribution_MeanFrac_Actin_4of4	Cytoplasm	RadialDistribution	MeanFrac	Actin	4of4	NA	0.00121592981664109	2.0958391642725e-4	-0.00209473904479419	Actin
Cytoplasm_Texture_Correlation_ER_3_01_256	Cytoplasm	Texture	Correlation	ER	3	01	0.0188369710234395	-8.6961975242946e-4	-0.00198004118153479	ER
Nuclei_Intensity_StdIntensityEdge_Mitochondria	Nuclei	Intensity	StdIntensityEdge	Mitochondria	NA	NA	5.4248904330322e-4	1.3771609646233e-4	-0.00175448081436382	Mito
Nuclei_Texture_SumVariance_Golgi_3_01_256	Nuclei	Texture	SumVariance	Golgi	3	01	3.1020762290112e-4	-1.1292186946732e-4	-0.00160824301430896	Golgi
Cells_AreaShape_Zernike_2_2	Cells	AreaShape	Zernike	2	2	NA	5.0633885602568e-4	1.4436052492663e-4	0.00142695536676874	other
Nuclei_RadialDistribution_RadialCV_ER_4of4	Nuclei	RadialDistribution	RadialCV	ER	4of4	NA	0.01852437446661659	-8.5142473357248e-4	0.00139278362704526	ER
Cytoplasm_AreaShape_Zernike_9_3	Cytoplasm	AreaShape	Zernike	9	3	NA	2.1250275509832e-4	9.34152180899392e-5	0.00138301710683137	other
Cells_Texture_Contrast_Mitochondria_3_03_256	Cells	Texture	Contrast	Mitochondria	3	03	0.00230976414604522	2.9722467001108e-4	-0.00130963268898186	Mito
Cells_AreaShape_Orientation	Cells	AreaShape	Orientation	NA	NA	NA	4.872720672122188e-5	4.2526298684623976e-5	0.00130439636877612	other
Cytoplasm_RadialDistribution_FracAtD_Mitochondria_1of4	Cytoplasm	RadialDistribution	FracAtD	Mitochondria	1of4	NA	0.00261768117965466	-3.1747158631404e-4	0.00115775198158155	Mito
Cells_AreaShape_Zernike_1_1	Cells	AreaShape	Zernike	1	1	NA	1.0584481148989688e-5	4.54463208682172e-6	-0.00112116079316448	other
Nuclei_Correlation_Correlation_Golgi_Mitochondria	Nuclei	Correlation	Correlation	Golgi	Mitochondria	NA	0.00241491316752495	3.0589162234846e-4	-8.8558585146609e-4	Golgi
Cells_Correlation_RWC_ER_Golgi	Cells	Correlation	RWC	ER	Golgi	NA	0.00255811358294866	3.2061954628388e-4	7.8622911293961e-4	ER
Cells_AreaShape_Zernike_3_1	Cells	AreaShape	Zernike	3	1	NA	8.8178064779431e-4	-1.8901149673724e-4	-7.7955006686411e-4	other
Nuclei_AreaShape_Zernike_8_2	Nuclei	AreaShape	Zernike	8	2	NA	0.00345700845259266	-3.7177190650929e-4	-5.7541200967243e-4	other
Cells_AreaShape_Zernike_7_1	Cells	AreaShape	Zernike	7	1	NA	2.0454247840806516e-5	-2.5310359102777536e-5	5.2543958901883e-4	other
Cells_AreaShape_Zernike_5_1	Cells	AreaShape	Zernike	5	1	NA	8.43631205658113e-5	-5.857686577074558e-5	-2.9629107572338e-4	other
Cytoplasm_Correlation_RWC_Hoechst_Actin	Cytoplasm	Correlation	RWC	Hoechst	Actin	NA	0.00768432436539756	5.5225891521009e-4	2.0322783642858e-4	Nucleus
Nuclei_Intensity_MassDisplacement_Mitochondria	Nuclei	Intensity	MassDisplacement	Mitochondria	NA	NA	0.00535881985417019	-4.6000267938303e-4	1.8206553460295e-4	Mito
Nuclei_AreaShape_Zernike_4_4	Nuclei	AreaShape	Zernike	4	4	NA	0.00248046474983021	3.1280193170491e-4	-1.6993535912285e-4	other
